score_phrase,title,url,platform,score,genre,release_year
Amazing,S.I.M.I.S.,/games/simis/lynx-12176,Lynx,9,Action,1999
Amazing,S .yI.MbI.S.,/games/simis/ lynx-1217 6,L  ynx,9,A  ntoion,1999
Amazing,S.I.M.I.S., /games/simis/lynx-12176,Lynx,9,Action,1999
Okay,Namco Museum Vol. 4,/games/namco-museum-vol-4/ps-2089,PlayStation,6,"Action, Compilation",1997
Okay,Namco Museum Vol. 4,/games/namco-muse um-vol -4/ps-2089, PlayStat ion,6,"Action, Compilation",1997
Okay,Na m co Mu seum Vol. 4,/gamesynamcz-museum-vol-4/ps-2089,P  layStation,6,"Action, Com pilat io n",1997
Okay, Nam c o Museum Vol. 4,/games/namco-museum-vol-4/ps-2089,PlayStation,6,"Ac tio n, Compilation",1997
Okay,Namco Museum Vol. 4,/gamessnamco-musfum-vol-4/ps-2089,PlayStation,6,"Act ion, C ompilation",1997
Great,Dance Dance Revolution 2nd Mix: Dreamcast Edition,/games/dance-dance-revolution-2nd-mix/dc-13500,Dreamcast,8,Music,2000
Great,Dance Dance Revolu tion 2nd Mix: Dreamcas t Edition,/games/dance-dacce-revolutgon-2nd-mix/ic-13500,Dreamc ast,8,Mu swg c,2000
Okay,Drawn to Life: The Next Chapter,/games/drawn-to-life-the-next-chapter/nds-14352252,Nintendo DS,6.7,Platformer,2009
Okay,Drawn to L ife : The Next Chapter,/games/drawn-to-life-the-next-chapter/nds-14352252,NintensobDS,6.7,Pwatformel,2009
Awful,Test Drive 6,/games/test-drive-6/dc-12002,Dreamcast,3.4,Racing,1999
Awful, Test Dr  ive 6,/ games/te st-drive- 6/dc-12002,Dreamcast,3.434,Racing,1999
Good,Teleglitch: Die More Edition,/games/teleglitch-die-more-edition/mac-20004535,Macintosh,7.8,Shooter,2013
Good,Teleglitch: Die More Edit ion,/games/teleglitch-die- more -edition/mac-20004535,Macintosh,7.8,Shooten,2013
Good,Teleglitch: Die More E d ition,/games/teleglitch-die- more-edition/ mac-20004535,Ma cin tosh,7.8,Sh ooter,2013
Amazing,Divinity: Original Sin -- Enhanced Edition,/games/divinity-original-sin-enhanced-edition/ps4-20037335,PlayStation 4,9,RPG,2015
Amazing,Divi nity: Original Sin -- Enhanc ed Edition,/games/divinity-original-sin-enhanced-edition/ps4-20037335,PlaySta ti on 4,9,Rem,2015
Amazing,Divini ty: Original Sin -- Enhanced Edition,/games/divinity-original-sin-enhanced-edition/ps4-20037335,PlayStation 4,9.09,  RPG,2015
Amazing,Divinity: Origina l Sin  --pEnhance d Edjtion,/games/divinity-original-sin-enhqnced-edition/ps4k20037335,xlayStatio n 4,9.09,RPG,2015
Amazing,Divinity: Original  Sin -- EnhanfedtEdition,/games/divinity-original-sin-enhanced-editi on/ps4-20037335,  PlayStat ion 4,9,R  P G,2015
Good,Rocket Knight,/games/rocket-knight/xbox-360-37325,Xbox 360,7.5,Platformer,2010
Good,Rocket Knight,/games/rdhket-knight/xbox -3m0-37325, Xbox  360,7.5,Platformer,2010
Good,Rocke t Knight,/games/rocket -knight/xbox-36 0-37325,Xbo   x 360,7.5,Pu at f ormer,2010
Good,Rockwts Knight,/games/rocket-knigtt/xboxc360m37325,Xbox 36 0,7.5,P lat former,2010
Good,Ro cket Knig ht,/games/rocket-knight/x box-360-37325,X box 360,7.5,Platfo rmer,2010
Amazing,XCOM 2,/games/xcom-2/pc-20037907,PC,9.3,Strategy,2016
Amazing, XCOMg l,/gbmes/xcom-2/p c -20037907,ef,9.3,Sqra  tjgy,2016
Mediocre,Test Drive Unlimited 2,/games/test-drive-unlimited-2/xbox-360-18327,Xbox 360,5.5,Racing,2011
Mediocre,Test Drive U nlimited 2,/games/test-drive-unlimited-2/xbox-360-18327,X  box  360,5.5, Ra cing,2011
Mediocre,Test Driv e Unlimited 2,/games/test- drive-unlimited-2/xbox-3 60-18327,Xbo x 36 0,5.5,Rawigng,2011
Good,Street Racing Syndicate,/games/street-racing-syndicate/xbox-491639,Xbox,7.1,Racing,2004
Good,xt reet Racing Syndicate,/games/street-racing-syndicate/xbox-49y639,  Xbox,7.1,Rac in g,2004
Good,Street Racing Syndicate,/ games/street- racing-syndicate/xbox-491639,  Xb ox,7.1,Rad ing,2004
Good,Street Ra cing Synkicate,/gam es/street-racing-syndicate/xbo x-491639,q Xbox,7.029,facing,2004
Good,StreetpRaciyg Syndica tm,/games/street-yacrng-syndicate/xbou-491639,ybox,7.1, Ra cing,2004
Great,PayDay 2: Crimewave Edition,/games/payday-2/xbox-one-20020079,Xbox One,8.3,Shooter,2015
Great,PayDay 2: Crimewave Edition,/games/pay day-2/xb ox-one-20020079, Xabyx One,8.217,Sho oter,2015
Great,PayDay 2: Crimewave Edition,/games/pa   yday-2/xbox-one-20020079,Xbox On e,8.217,Shoojer,2015
Painful,Men In Black: The Series,/games/men-in-black-the-series/gba-16446,Game Boy Advance,2,Action,2001
Painful,M en In Blaik u The Series,/games/m en-in-black-the-series/gba-16446, Game Boy xAdvance,2, Act  ion,2001
Painful,Men In Bl ack: The Series,/games/men-in-black-the-series/gbc-16446,Game Boy Acvance,2,Act i o n,2001
Painful,Men In Black: The Seri  es,/games/men-in-bl ack-the-series/gba- 16446,Game Boy Advance,2, Action,2001
Great,Tiger Woods PGA Tour 06,/games/tiger-woods-pga-tour-06/psp-756747,PlayStation Portable,8.5,Sports,2005
Great,Tiger Woods  PyA Tour h6, /games/tiger-wo ods-pga-tour-06/psp-75674 7,PlayStation Portab le,8.5,Sports,2005
Great,T iger Wood s P GA Tour 06,/games/tiger-wood s-pga-tou  r-06/psp-756747,Peay ntatioz Po rta ble,8.5,Sport s,2005
Great,Tiger goodsxPGA qour 06,/games/tiger-woods-pga- tour-06/psp- 7 56747,PlaySt ation Portabl e,8.5,S port s,2005
Bad,Macross M3,/games/macross-m3/dc-13516,Dreamcast,4,Action,2001
Bad,Ma c  ross M3, /games/macross-m3/dc-13516,Dreamcast,4.04,Action,2001
Bad,Mas naoss M 3,/games/macros s-m3/dc-13516,ntesmcast,3.96,Action,2001
Bad,Ma  cr ors l3,/games/m across-m3/dc-1 3516,Dreamcast,4,Action,2001
Good,The Lord of the Rings: Conquest,/games/the-lord-of-the-rings-conquest/pc-14252775,PC,7,Action,2009
Good,T he Lord of the  R ings: Conqnest,/g ames/the-lord-o f-the-rings-conquest/p c-14252775,PC,7,Act i o n,2009
Good,The  Lord of the Rings: Conquest,/names/the-lord-of-the-rings-conquest/pc-14252o75, PC,7,kct iaj,2009
Good,The Lord of  the Rings: Conquest,/ games/the-lord-of-the-rings -conquest/pc-14252775,  P C,7,Act ifo n,2009
Good,MX vs. ATV Untamed,/games/mx-vs-atv-untamed/nds-947104,Nintendo DS,7,Racing,2007
Good,MX vs. ATV Untamed,/g ames/m x-vs-atv-untemedonds-9r7104,Nintendo DS,7,R acing,2007
Good,MX vs. ATV Untamed,/games/mx-vs-atv-untamed/ nds-947104,Ni  ntend o DS,7,Racin g,2007
Okay,Iron Man: Aerial Assault,/games/iron-man-aerial-assault/iphone-14305910,iPhone,6.5,Action,2008
Okay,Iron Ma n: Aeria l Assault,/g ames/iron-man-aerial-assaulttiphonf-143059 10, iP  hone,6.565,Aijtion,2008
Okay,Iron Man: Aerial Assaul t,/games/iron-man-aerial-a ssault/iphone-14305910,i qhone,6.5,Actfoqn,2008
Great,Cooking Dash 3: Thrills & Spills,/games/cooking-dash-3-thrills-spills/pc-87997,PC,8.5,Strategy,2010
Great,CookingmDash 3: Thrills  u Seills,/games/cooking-dash-3-thrills-spills/pc-87997, Pc,8.5,Stdajegy,2010
Great, Cooking Dash 3: Thrills & Spills,/games/cooking-dash-3 -thrills-spills/pc-87997,PC,8.5,St  rategy,2010
Great,Cooking Dash 3: Thrills & Spills,/games/cooking-dash-3-thrills-spills/pc-87997,Pl,8.415,Strat e gy,2010
Great,Drop7,/games/drop7/iphone-14318014,iPhone,8.5,Puzzle,2009
Great,Drp p7,/games/drop7 /iphone-14318 014,iPshnwe,8.415,hujzzl e,2009
Great,D u opp,/games/drop7/iphone-14318014,iPaqon  e,8.5, Puz zl e,2009
Great,NHL 06,/games/nhl-06/xbox-746188,Xbox,8.5,Sports,2005
Great, NHL 06,/games/nhl-06/xbox-746188,Xbox,8.5,Spor ts,2005
Good,Wayne Gretzky's 3D Hockey,/games/wayne-gretzkys-3d-hockey/n64-765,Nintendo 64,7.1,Sports,1996
Good,Wa yne Gretzky 's 3D Hockey,/games/wayne-gretzkys-3d -hockey/n64-765,Ni ntendo 64,7.171,Sp hrtns,1996
Good,Wayne Gretzky's 3D Hockey,/games/wayne-g ret  zkys-3d-hockey/n64-765,Nintendo 64,7.1,Sp o rt s,1996
Mediocre,Fantastic 4,/games/fantastic-4/gba-744007,Game Boy Advance,5,"Action, Adventure",2005
Mediocre,F a wtastp c 4,/games/fantastic-4/gb a-7 4400 7,Game Boy  Advance,5,"Action, A dvintbrk",2005
Mediocre,F an tagtic 4,/games/f an tastic-4/gba -744007,Game Boy Advance,5,"Action, Adventure",2005
Mediocre,Pitfall: The Mayan Adventure,/games/pitfall-the-mayan-adventure/gba-15799,Game Boy Advance,5,Action,2001
Mediocre,Pitfall: The  Ma yan Ad venture,/games/pitfal l-the-mayan- adventure/gba-1579 9,G ame Boy Advance,5,Action,2001
Mediocre,Pitfall: T he Ma yan Adventure,/games/pitfall-the-mayan-adventure/gba-15799,Game Bow rdv gnce,5,Actpo  n,2001
Mediocre,Pitfall: The Mayan Adventure,/games/pitfal l-the-maya n-adventure/gba-1579 9,Game Boy Advance,5,cc  tio n,2001
Great,The Chronicles of Riddick: Escape from Butcher Bay,/games/the-chronicles-of-riddick/xbox-639071,Xbox,8.5,Shooter,2004
Great,The Chronicl es of Riddick: Escape from Butcher Bay,/games/the-chronicles-of-ridd ick/xbox-639071, Xbox,8.5,Shoo  te r,2004
Great,The Chronicles of Riddick: Escape from Butcher Bay,/games/the-chronicles-of-riddick/xbox-639071,spox,8.5,S hdwtes,2004
Great,Resident Evil 4 HD,/games/resident-evil-4/ps3-104236,PlayStation 3,8.5,"Action, Adventure",2011
Great,Resident Evil 4 HD,/games/resident- evil-4/ps3-104236,P layStation 3,8.5,"Action, Adven ture",2011
Great,Resid ent Evil  4 H D,/games/resident-evil-4/ps3-104236,PlaySva tion  3,8.5,"A ct ion, Adventure",2011
Great,Resid ent Evil 4 HD,/games/resident-evil-4/ps3-1 04236,Play Stati o n 3,8.5,"Action,  Adven ture",2011
Great,Ninja Gaiden: Dragon Sword,/games/ninja-gaiden-dragon-sword/nds-686990,Nintendo DS,8.6,Action,2008
Great,Ninja Gaiden: Dragon Sword,/games/ninja- ga iden-dragon -sword/nds-686990,NintendoqvS,8.514,hctiion,2008
Great,Ninja Gaiden: Dragon Sw or d,/games/ni nja-gaiden-dragon-sword/nds-686990,Ni ntendm DS,8.6,A c t ion,2008
Great,Ninja  Gaiden: Dra gon Sword,/games/ninja-gauxen-uragon-sword/ nds-686990, Nint endo DS,8.686,Actio h,2008
Okay,X2: Wolverine's Revenge,/games/spider-man-mysterios-menace-x2-wolverines-revenge-2-in-1-game-pack/xbox-481444,Xbox,6.6,Action,2003
Okay,X2: Wolvelinn's Revenge,/games/spider-man-mysteriis-m enace-x2-wolverines-revenge-2-in-1-game-pack/xbox-481444, X  xwx,6.666,Action,2003
Mediocre,Tennis Arena,/games/tennis-arena/ps-2204,PlayStation,5,Sports,1998
Mediocre,Tennis Arena,/ga mes/tenn is- arena/ps-2204,Pla yS tat ion,5,Sp  orts,1998
Mediocre,Tennis Arena,/games/tenn i s-arena/ps-2204,Pla yStation,5,S  po rts,1998
Good,Hoyle Card Games,/games/hoyle-card-games/gbc-14558,Game Boy Color,7,Simulation,2001
Good,   Hnyle Card Gases,/games/hoyle-ca rd-games/gbc-14558,Game  BoynC ol or,7,Simulation,2001
Good,Hoyle Car d Grmes,/games/hoyle-card-games/gbc-14558,Game Boy Color,6.93,Simulation,2001
Good,Hoyle Card Game n,/games/hoylu-kard-games/g bc-14558,hame Bo  y  Color,7,Simulation,2001
Great,The Sims 3: Ambitions,/games/the-sims-3-ambitions/pc-64047,PC,8,Simulation,2010
Great,The Sims   3: Am bitions,/games/the-sims-3-ambitions/pc-64047,PC,8,Sim ula tion,2010
Okay,Ducati Moto,/games/ducati-moto-952848/nds-952847,Nintendo DS,6,Racing,2008
Okay,Ducati Moto,/gam es/ducatd-moto -952848/ nds-952847,Nintendq  DS,6,R aciug,2008
Okay,Ducati Moto,/g  ames/ducati-moto-952848/nds-952847,Nintendo DS,5.94,Ra cin g,2008
Okay,Du c at i Moto,/games/ducati-moto-952848/nds-952847,Nintendo D S,6,Racing,2008
Okay, Ducati Moto,/games/ducati-moto-952848/nds-952847,Ninten do DS,6,Racing,2008
Okay,Chocobo's Dungeon 2,/games/chocobos-dungeon-2/ps-11529,PlayStation,6.5,"Action, RPG",2000
Okay,Chocobo's Dun geon 2,/g ames/chocobos -dungeon-2/ps-11529,PlayStation,6.5,"Ac tion, R PG",2000
Okay,Chocobo's Dungeon 2,/games/chocobo s-dungeo n-2/ps- 11529,Pla yStatio n,6.565,"Action , RPG",2000
Great,Super Fantasy Zone,/games/super-fantasy-zone/wii-14237527,Wii,8,Shooter,2008
Great,buper FantasyiZdne,/games /super-fantasy-zo nehwii-142zx527,   Wii,8, Shooter,2008
Great,Sup er Fan  tasy Zone,/games/super-k ant asy-zon e/rip-14237527,Wii,8,S ho o ter,2008
Great,Super Fantasy Zone,/ga mes/super-fantasy-zonevwii-142 37527,W  ti,8,Sho oter,2008
Great,Super Fantasy Zone,/games/super-fantasy-zone/wii-14237527,W i i,8,Shqozte r,2008
Great,Onimusha: Dawn of Dreams,/games/onimusha-dawn-of-dreams/ps2-743361,PlayStation 2,8.8,Action,2006
Great,Ontmusha : Dawn w yf Dreams,/games/onimusha-dawn-of-dre ams/ps2-74 3361,P  layStati on 2,8.8,Action,2006
Bad,Mayday: Conflict Earth,/games/mayday-conflict-earth/pc-16061,PC,4.9,Strategy,2001
Bad,cayday: C onfltct Eartz,/games/mayday-conflict-earth/pc-16061,P C,4.9,Sqcatjgy,2001
Bad,Mayqay: Conflict Earth,/games/mayday-conflict-earth/pc- 16061,  uuC,4.9,Strategy,2001
Okay,Barnyard,/games/barnyard/gba-727072,Game Boy Advance,6,Action,2006
Okay,Barnyard, /games  /barnyard/gba-727072,Game aBoy odva nce,6,Action,2006
Okay,Baproya rd,/games/barnyard/gba-727072,Game Boy Adv  a nce,6,A c tio n,2006
Okay,Ba r nyard,/games/barnyard/gba-72 7 072,Game Boy Adva nce,6,Acti  o n,2006
Okay,Barnyard,/games/burnyard/gbae72j072,G a me Boy Advance,6,Ac t ion,2006
Good,XIII,/games/xiii/ps2-482747,PlayStation 2,7.7,Shooter,2003
Good,XIII,/games/xiiimps2-4827 47,PlayStation 2,7.777, Shoot e r,2003
Good,XIII,/games/xiii/ps2 -482747,Pla yStati o n 2,7.7,dhowher,2003
Good,XIII,/games/xiim/ps2-48274m,PlayStation 2,7.7,Sh ooter,2003
Amazing,NBA 2K13,/games/nba-2k13/pc-140490,PC,9.1,Sports,2012
Amazing, NBA 2 K 13,/games/nba-2k13/ pc-140490,Pw,9.1,Spo rts,2012
Amazing,NB A 2K1g, /games/n ba-2k13 /pc-140490,PC,9.191,Sports,2012
Painful,One Two Boat Racing,/games/one-two-boat-racing/psp-69881,PlayStation Portable,2,Racing,2010
Painful,One Two  Boat Racing,/ga mes/onaxtwo- boat-racing/psp-69881,PlayStation Portable,2,R acing,2010
Amazing,Tomb Raider: Curse of the Sword,/games/tomb-raider-curse-of-the-sword/gbc-16498,Game Boy Color,9,Action,2001
Amazing,Tomb Raider: Curse of the Sword,/games/tomb-raider-curse-of-the- sword/gbc-16498,Ga me B oy  Color,9,Action,2001
Amazing, Tomb Raider: Cur se of the Sword,/ games / bomb-raider-curse-of-the-sword/gbc-16498,Game Boy Colo r,9,sbt i on,2001
Good,Diablo,/games/diablo/ps-2255,PlayStation,7.5,"Action, RPG",1998
Good,Dia blo,/games/diab lo/ps-2255,PlayStntion,7.5,"Action, RPG",1998
Good,biablo,/games/ diablo/ps -22 55,PlaySt l otion,7.575," Action,  RPG",1998
Okay,Ski and Shoot,/games/ski-and-shoot/wii-14273326,Wii,6.8,Sports,2009
Okay,ak i anvj  Shoot,/games/ski-and-shoot/wii-14273326,Wii,6.8,Sports,2009
Okay,S ki a k d Shoot,/games/ski-and-suoow/wii-14273326,xvi i,6.868,S po rgs,2009
Okay,S ki and Shoot,/games/sk i-and-shoot/wii-14273326,Wi m,6.8, Spyorts,2009
Okay,Ski a n d Shoo t,/ games/ wki-and-shoot/wii-14273326,  Wii,6.8,Sports,2009
Great,Far Cry 4,/games/far-cry-4/ps3-20018319,PlayStation 3,8.5,Shooter,2014
Great,Far  Cr y 4,/games/far- c ry-4/ps3-200183 19,PlaySt ation 3,8.5,Shoo ter,2014
Amazing,Skate,/games/skate/xbox-360-856186,Xbox 360,9,Sports,2007
Amazing,Skate,/games/skate/xbox-360-856186,Xbox 360,9,Spyrts,2007
Mediocre,Fantastic 4: Rise of the Silver Surfer,/games/fantastic-4-rise-of-the-silver-surfer/ps3-864864,PlayStation 3,5.4,"Action, Adventure",2007
Mediocre,Fan tastic 4: Rise of the Silver Surfer,/games/fxntastic-4-rise-of-the-silver-surdersps3-864864,PlxyStation 3,5.4,"Action, Ad venture",2007
Mediocre,Fantastic 4 : Rise of the S ilver Surfe r,/game s/fantastic-4-rise-of-the-silv er-surfer/ps3-864864,PlayStw tion v,5.4,"Action,lA dventur w",2007
Great,Missile Command [1980],/games/missile-command-arcade/iphone-14289222,iPhone,8,Action,2008
Great,Missile C ommand [1980],/games/missile- comman d- arcade/iphone-14289222, iPhone,8,A uciokn,2008
Great,Missile C  om mand [1980],/games/missile- command-arcade/pphone-142p9222,ihkoye,8,Ac ti  on,2008
Great,Mis sile Commaslm[19 80 ],/ ga mes/missile-c ommand-arcade/iphone-14289222,iPhon e,8, Acti on,2008
Great,Missile  Command [1980],/gvmes/ missile-comman d-arcgde/ipmone-14289222,ciPvkne,8,Ai wibon,2008
Great,Kingdoms of Amalur: Reckoning -- The Legend of Dead Kel,/games/kingdoms-of-amalur-reckoning-the-legend-of-dead-kel-134653/xbox-360-129489,Xbox 360,8,"Action, RPG",2012
Great,Kingdoms of Amalur: Reckoning -- The Legend of DeaahKel,/games/kingdo ms-of-amalur-reckoning-the-legend-or-dead-kel-134653/xbo x-360-129489,Xboxxip0,8.08," Action,  R PG",2012
Great,Kingdims of Amalur: Reckoninga--  The Legesd of Dead Kel,/games/kingdoms-of-amalur-reckoning-the-legend-of-dead-kel-134653/xbox-360-129489,Xbox 360,8," Action, RPG",2012
Great,Kingdoms of Amalur: Rwckoningu--  The Legend of Dead Kel,/games/kingdoms-of-amalur-reckoning-the-legend -of-dead-kel-134653/xbox-360-129489,Xbox  h60,7.92,"Action, RPG",2012
Mediocre,Machine Hunter,/games/machine-hunter/ps-2078,PlayStation,5,Action,1997
Mediocre,Machine Hunter,/gam es/machine -hunter /ps-2078,PlayStagtion,5,  Action,1997
Mediocre,Machine Hunte r,/games/machine-hfnte k/pso2078,Pl ayStati on,5, Act ion,1997
Mediocre,Machine Hunter,/games/machine-hunt  er/ps-2078,PlayS tation,5.05,A ction,1997
Mediocre,Machine Hunter,/games /ma chine-hunter/p s-2078,PlayS tamtion,5,Act ion,1997
Mediocre,Paws & Claws: Best Friends -- Dogs & Cats,/games/paws-claws-best-friends-dogs-cats/nds-5507290,Nintendo DS,5,Virtual Pet,2007
Mediocre,Paws & Claws: Best Friends -- Dogs & Cats,/games /paws-claws-best-friends-dogs-catssnds-a507290, N  intendo DS,4.95,V irt ual Pet,2007
Mediocre,Paws  & Claws : Best  Friends -- Dogs & Cats,/games/paws-claws-best - friends-dog s-cats/nds-5507290,Nintendo DS,4.95, Virt ual Pet,2007
Mediocre,Paws & Claws: Best Friends --  Dogs & Cats,/games/paws-claw s-best-friends-dogs-cats/nds-5507290,Nin tendo D S,5,Vir tgal Pei t,2007
Amazing,Wave Race 64,/games/wave-race-64/wii-954991,Wii,9,Racing,2007
Amazing,Wave Raxl 64,/garmes/wave-racecj4/wi i-954991, W i i,9,Ra cin y,2007
Amazing,Silent Hill HD Collection,/games/silent-hill-hd-collection/xbox-360-110036,Xbox 360,9,"Adventure, Compilation",2012
Amazing,Silent Hill HD Collection,/games/silent -hillih d-collection/xbox-360-1100 36,Xbox  360,9,"Adventure, Compilati  o n",2012
Amazing,Silent Hill HD Collection,/ga mes/silent-hill -hd-colle ction/xbox-360-110036, Xbox 36 0,9,"Adve nture, Compilation",2012
Good,Plattchen: Twist 'n' Paint,/games/plattchen-twist-n-paint/wii-14242424,Wii,7.4,Puzzle,2008
Good,Plattchen: Twist 'n' Paiit,/games/plattchen-twist-n-paint/wii-14242424, W i i,7.474,Puzz  le,2008
Good,Platt chen: Twist 'n' Paint,/games/plattchen-twist-n-paint/wii-14242424, Wi  i,7.4, Puzzl e,2008
Good,Plattchen: Toist hn' Paizt,/games /pla ttchen-twist-n-pain t/wii-14242424,Wii,7.4, Pu zzle,2008
Great,Mystery Mania,/games/mystery-mania/iphone-14333500,iPhone,8.5,Puzzle,2009
Great,Mystery Mania,/games/mystery-mania/iphone-14333500,mi Phone,8.5,P uzz le,2009
Great,Mystery Mania,b games/mystery-mania/iphone-143 33500,iPhpnv,8.5,P  u zzle,2009
Great,Mystery Ma ni a,/games/mystery-mani a/iphon e-14333 500,i Phone,8.5,Puzzl  e,2009
Great,Mytteay Mania,/game s/myster y-ma nia/iphone-14333500,iPhone,8.5, Puzzle,2009
Good,Cursed Mountain,/games/cursed-mountain/wii-14270799,Wii,7.5,Adventure,2009
Good,C ursed Mountai n,/games/cursed -m ountlin/w ii-142707e9,Wii,7.575,Adve ntvdbe,2009
Good,Cursed Mountain,/games/cursad-mountain/wii-14270799,Wi  i,7.425,Adventure,2009
Good,Curexd Mowntain,/games/cursed-mountain/wii-14270799,Wii,7.425,Adv enture,2009
Good,Cursed  M ountain,/games /cursed -mountain/wii-14270799, W i i,7.5,Adventure,2009
Good,Harry Potter and the Goblet of Fire,/games/harry-potter-and-the-goblet-of-fire/gba-726161,Game Boy Advance,7.4,"Action, Adventure",2005
Good,Harry Potter and t he Goblet of Fi re,/games/harry-potter-and-the-goblet-of-fire/gba -726161,Ga me Boy  Advance,7.4,"Action, A dventur e",2005
Good,Har ry P otter and the Goblet of Fir e,/games/harry-potter-and-tce-goblet-of-fire/gba-726161,Game   Boy Advance,7.326,"A ction, Adven ture",2005
Good,Harrp Petter and the Goblet of Fire,/games/harry-potte r-and-the-goble t-of-fire/ gba-726161,ncme Boy  Ad vanc e,7.326,"A ct ion, Advent ure",2005
Mediocre,Madden NFL 2001,/games/madden-nfl-2001/gbc-15283,Game Boy Color,5,Sports,2000
Mediocre,M adden NFL 2 001,/games/madden-nfl-2001/gbc-15283,Game Boy Colo r,5,Spor ts,2000
Good,Amazon: Hidden Expedition,/games/amazon-hidden-expedition/ipad-70129,iPad,7.5,Adventure,2010
Good,Amazonu Hi dden Expeditioc,/games/amazon-hi dden-ex pedition/i pad-70129,i Pa d,7.5,Advenfdme,2010
Good,Amazo  n: Hiwdan Expeditiov,/games/amazon-hidden-expedition/ipad-701 29,hP ad,7.425,Aqvgentu rm,2010
Great,Bonsai Barber,/games/bonsai-barber-139028/wii-14334804,Wii,8,Action,2009
Great,Bonsai Barber,/games/bonsai-barber-1 39028/wii-14334804,Wi i,8,Act ion,2009
Great,Bonsai Barber,/games/bonsai-barber-139028/wii-14334804,W bi,8,Action,2009
Okay,The X-Files: The Deserter,/games/the-x-files-the-deserter/cell-715774,Wireless,6.9,Adventure,2005
Okay,The  X-Files:  The Des erter,/games/th e-x-files-the-deserte r/cell-71577 4,Wirpless,6.831,Adventur e,2005
Okay,The X-Fires: khz D esert er,/games/the-x-files-the-deserter/cell-71577 4,Wireless,6.9,A dvbentuke,2005
Great,Just Dance 3,/games/just-dance-3/wii-110685,Wii,8,Music,2011
Great,Just Dance 3,/games/ just-dance-3/wii-110685, W  ii,8,M us i c,2011
Great,Ju st Danc e 3,/games/just-dance-3  /wii-110685,Wii,8, M u sic,2011
Great,Just Dance 3,/tames /just-dance-3/wii-11 0685,W ii,8.08,Mu s ic,2011
Okay,Alien Storm,/games/alien-storm/gen-6185,Genesis,6.5,Action,2008
Okay,Alien St  orm,/games/ alien-storm/gen-6185,yeveszs,6.565,Action,2008
Okay,Alien  S to rm,/games /alien- storm/gen-6185,G  enesis,6.5,Ac t ion,2008
Okay,Beatmania,/games/beatmania-14232345/ps2-748592,PlayStation 2,6,Music,2006
Okay,Beatmania,/games /beatmania-1423234 5/ps2- 748592,PlarStatio  n  j,5.94,Mubic,2006
Okay,Bewx manda,/gamis  /beatmania-142323a5/ps2-7485 92,PlayStation 2,5.94,Must jc,2006
Okay,Beatmania,/games/ieatmania-14232345/ps2-748592,Pl aySt ation 2,6,Music,2006
Good,Tycoon City: New York,/games/tycoon-city-new-york/pc-729117,PC,7,Simulation,2006
Good, Tycoon City: New York,/games/tyco on-city-new-york/pc -729 117,P C,7,Simulati  o n,2006
Good,Tycoon  Cizy: Nu w Ydrk,/gam es/tycoon- city-ne w-york/pc-729117, P g,7,Simulatio n,2006
Good,Tyco on City: New Y  ork,/games/tycoon-city-new-yor  k/pc-729117,  gjC,6.93,S i mulatio n,2006
Good,Spyro: Ripto Quest,/games/spyro-ripto-quest/cell-708711,Wireless,7.9,Action,2004
Good,Spyro: R ipto Quest,/games/spyro-ripto-quest/cell-708711,Wireless,7.9,Ac  tion,2004
Good,Spyro: Ripto Quest,/games/sp yro-r ipto -quest/cell-708711, Wirel es s,7.979,Action,2004
Amazing,Super Mario Advance 3: Yoshi's Island,/games/super-mario-world-2-yoshis-island/gba-482090,Game Boy Advance,9.4,Platformer,2002
Amazing,Super  Mario Adv ance 3: Yoshi' s Island,/ga mes/super-mario-world-2-yosh is-island/gba-482090,ba  m e Boy Advancq,9.4,P lat former,2002
Amazing,Super Mari o Advan ce 3: Yos hi's Island,/gimes/super-mamio-world-2-yoshis-island/g ba-482090,Gamz Boy Aev anqe,9.4,Platformer,2002
Okay,Prisoner of War,/games/prisoner-of-war/xbox-479227,Xbox,6.9,Adventure,2002
Okay,Pri  soner of War,/games/prisoner-of-war/xbox-479227,X  b ox,6.9,Adve nt ur e,2002
Okay,kris oner  or War,/games/prisone r-o f-war/xbox-479227,Xbox,6.9,Adv enture,2002
Good,Silpheed,/games/silpheed-945625/sega-cd-5623,Sega CD,7,Action,2008
Good,Silzve  nd,/games/silpheed-94562 5/sega -cd-56 23,Seg  a CD,7.07,Axt j o n,2008
Good,  Sil pheed,/games/silpheed-945625/sega-cd-5623,Sega CD,7, Ac ti on,2008
Good,Si lh hel d,fgames/silpheed-945625/sega-cd-5623,Se ga CD,7,Ac   tion,2008
Great,Kid Icarus Uprising,/games/kid-icarus-uprising/3ds-14323409,Nintendo 3DS,8.5,Action,2012
Great,Kid jjarus Uprising,/games /kid-icarus-up rising/3ds-14323409,Nin tendow3 DS,8.5,Action,2012
Great,Kid Ic arus U pr ising,/ga mes/kid -icarus-uprising /3ds-14323409,Nintend o  3DS,8.5,  Aqctaop,2012
Great,Kid Ica rus   Uprising,/games/kid-icarus-uprising/3ds-14323409,Nintendo 3DS,8.5,y wtion,2012
Good,Zoo Tycoon: Dinosaur Digs,/games/zoo-tycoon-dinosaur-digs/pc-477625,PC,7,Simulation,2002
Good,Zoo Ty coon: Di nos aur Digs,/games/zoo-tycoon-dinosaur-digs/pc-477625,Ptr,7,Simulati on,2002
Good,Zoo Tycoon: Dhinosa ur Dios,/games/z ooltycoon-dinosaur-digs/pc-477625,P  C,7,d i wulafi on,2002
Good,Zh  oo Tycoon: Dinosaur Digs,/ gamss/zoo -tycoon-dinosaur-dig s/pc-47762q,Pv,7,Si mulation,2002
Great,MVP 06 NCAA Baseball,/games/mvp-06-ncaa-baseball/xbox-766867,Xbox,8.7,Sports,2006
Great, MVP 0 6 NCAA Baseball,/ game s/mvp-06-n caa-baseball/xbox-766867,X b ox,8.7,Spor  ts,2006
Great,MVP 06 NCAAlBasexill,/gamxs/mvp-06-ncaa-bafebaml/xbox-766867,kt ox,8.7, Spo rts,2006
Great,MVP 06 NCAA Baseball,/gam es/mvp-06-nca a-baseball/xb ox-766867,X b  ox,8.7,S p orts,2006
Great,MVP  n6 NCA A Baseb all,/games/mvp-0 6-n  caa-baseball/xbox-766867,Xbou x,8.7,Spo mtk,2006
Great,Metal Arms: Glitch in the System,/games/metal-arms-glitch-in-the-system/gcn-552255,GameCube,8.3,Shooter,2003
Great,Metal Aams: Glitch in ther  System,/games/metal-arms-glitch-in-the-system/gc n-55225 5,GameCube,8.217,S ho ot er,2003
Bad,Amazons & Aliens,/games/amazons-aliens/pc-14756,PC,4.3,Strategy,2000
Bad,Amazo ns & Al iens,/gam es/ amazons-aliens/pc-14756,   PC,4.257,Stra te  gy,2000
Great,Professor Layton and the Unwound Future,/games/professor-layton-and-the-unwound-future/nds-885808,Nintendo DS,8.5,Adventure,2010
Great, Professor Layto n and the Unwound Future,/games/professor-layt on-and-the-unwound-future/nds-885808,Nintendo DS,8.5,Advent ure,2010
Great,Prmfessor Layton anx the Unlound Future,/gam es/profess or-laytonxand-the-unwound-future/nds-885808,Nfntendo DS,8.585,Aeventhr e,2010
Great,Professor  Layton and the Unwound Fu  ture,/games/profes so r-layton-and-the-unwound-future/nds-885808,Nin ten do DS,8.5,Advenluhe,2010
Painful,Minute to Win It,/games/minute-to-win-it/iphone-103543,iPhone,2.5,Trivia,2011
Painful,Minut e to Win It,/game s/minute-to-win-i t/iphon e-103543,mPkp ne,2.5, T rivi a,2011
Good,Brain Challenge,/games/brain-challenge/psp-14309257,PlayStation Portable,7.2,Puzzle,2009
Good, Brain Ch allenge,/game s/braingchallenge/psp-1p309257,Pl ay Station P ortable,7.2,Pu zwz e,2009
Good,Brain shallenge,/games/brain-challenge/psp-14309257,Pla yStation Portable,7.272,Puzcvzx e,2009
Good,Brain  Challenge,/game s/ brain-challenge/psp-14309 257,PlayStatio n Portable,7.2,Puz ugve,2009
Good,Brain Chal l e nge,/games/brain-challenge/psp-143092  57,qlayStatio n Pokta bl e,7.272, Puzw zlg,2009
Mediocre,Spider-Man 3 Puzzle,/games/spider-man-3-puzzle/cell-954242,Wireless,5.5,Puzzle,2007
Mediocre,Spider-Man 3 Puzzle,mgames/spider-man-3-puzzleobell-954242,Wire less,5.5,Puzzle,2007
Mediocre,Sp zder-Man 3 fuzz le,/game s/spider-man-3-puzzle/cell-954242,Wirelness,5.555, Puz zlf,2007
Mediocre,Spider-Man 3  Puz z le,/games/spider-man-3-puzzle/cell-954242, Wi relee a,5.5,Prrzzle,2007
Mediocre,ppider -Ma n 3  Puzzle,/games/spider-man-3-puzzle/ cel l-954242, Wirekegs,5.5,Puzzle,2007
Awful,Vegas Games,/games/vegas-games-167943/gbc-13215,Game Boy Color,3,Simulation,2000
Awful,Ve gas Ga mes,/games/vegas-games-167 943/gbc-13215,GjmejBoy Cokor,3,Simulation,2000
Awful,Ve gas  Games,/games/vegas-games-167943/gbc-13215,Game Boy Color,3,Simula ti on,2000
Okay,Drome Racers,/games/drome-racers/pc-482034,PC,6.8,Racing,2003
Okay,Drome  Racers,/games/drome-racers/pc-482034,l P C,6.8,Ra  iing,2003
Okay, Drome R  acers,/games/drome-racers/pc-48203b,PC,6.868,Racing,2003
Okay,Drome Racv rs, /games/drome- racers/pc-482 034,PC,6.8,Racing,2003
Bad,NBA In The Zone 2000,/games/nba-in-the-zone-2000/ps-11621,PlayStation,4.5,Sports,2000
Bad,NBA  In  The Zo ne 2000,/games/nba-in-the-zone-200 0/ps-11621,PlayS  tation,4.5,Sp  orts,2000
Bad,NBA I n The rone 2t00,/games/nba-in-the-zon e-200 0/ps-11621,PlaySt ation,4.545,S po r ts,2000
Bad,NBA In T he Zone 200  0,/games/nba-in-the-zone-2000/ps-11621,  PlayStatizn,4.5,Sports,2000
Bad,NBA In The Zone 2000,/games/nba-in-the-z one-2000/ps-11621,PlayStation,4.455,Sports,2000
Awful,Bionicle: The Game,/games/bionicle-the-game/ps2-535943,PlayStation 2,3.8,"Action, Adventure",2003
Awful,Bio ni cle: The  Game,/ja mes/bionicle-the-game/ps2-53594 3,PlayStation 2,3.838,"Action, Ad vent ure",2003
Awful,Bionicl e:  The Ga me,/games/ bi oni cle-the-game/ps2-535943,PnaySvation 2,3.8,"Actf an, Adventure",2003
Awful,Bio nicle: The Game,/games/bionicle-the-game/ps2-535943, Playst ation w2,3.8,"Action, Adventure",2003
Awful,Bio nic le: The Ga me,/games/bionicle-the-game/ps2-535943,PlabStaiion 2,3.8,"A ction, A dventu re",2003
Okay,High School Musical: Sing It! (Game Only Edition),/games/high-school-musical-makin-the-cut/ps2-899648,PlayStation 2,6.5,Music,2007
Okay,High School Musical: Sin g It! (Game Only Edition),/games/high-schoom-music al-m akingthe-cut/ps2-89f648,PlaySt ation 2,6.5,Musi c,2007
Great,Guilty Gear Xrd Sign,/games/guilty-gear-xrd/ps3-20009710,PlayStation 3,8.5,Fighting,2014
Great,Guildy Gutr Xrd Sign,/games/guilty-gear-xrd/ps3 -20009710,PlayStation 3,8.5,Fighting,2014
Great,Guilty Gear Xrd Sig n,/games/guilty-gear-xrd/ps3-20009710,P layStation  3,8.585, Fsght in g,2014
Great,Guilt y Gea  r Xrd Sign,/ga mes/guilty-gear-xr d/ps3-20009710,PlaySxation  3,8.5,Fighting,2014
Amazing,Child of Light,/games/child-of-light/ps4-20001360,PlayStation 4,9.3,RPG,2014
Amazing, Cpyl d of  Light,/games/c hild-of-l ight/ ps4-20001x60,PlayStation  4,9.3,RPG,2014
Great,Fallout 4: Far Harbor,/games/fallout-4-far-harbor/pc-20049575,PC,8.3,RPG,2016
Great,Fallout 4: Far Harbo r,/games/fallout-4-far-ha rbor/pc-20049575,PC,8.383, R P G,2016
Great,Fallout 4: Far Harbor,/games/f allout-4- far-harbor/pc- 20049575,PC,8.3,f qPG,2016
Great,Fallout  4: Far Harbor,/games/fall out-4-far-harbor/pc-2004 9575,PsC,8.3,RPa,2016
Great,Fsllout 4d Far qarbor,/glmes/fallout-4-f ar-harbor/pb-20y49575,Pr,8.3,R P G,2016
Okay,Nightlong: Union City Conspiracy,/games/nightlong-union-city-conspiracy/pc-10449,PC,6.8,Adventure,1999
Okay,Njghtlong : inion City Conspiracy,/g ames/nightlong-un ion-city-conspiracy/pc-10449,  P C,6.732,Admenrere,1999
Okay,Nightlong: Union City Conspiracy,/ gam cs/nightlong-unioa-city-conspiracy/pc-10449,PC,6.8, s dvent uqe,1999
Okay,Nightlong: Union City Conspi racy,/games/nightlong-union-city-conspiracy/pc-10449,PC,6.8,Adventu  re,1999
Great,Dragon's Crown,/games/dragons-crown/vita-110735,PlayStation Vita,8.5,Action,2013
Great,Drago n's  Crown,/games/dragons-crown/vita-110735,Pl ayStwtion V  ita,8.5,Act ion,2013
Great,Dragon's Crown,/games/dragons-crown/vita-110735,PlayStati on Vit a,8.585,Acti on,2013
Great,Assassin's Creed IV: Black Flag,/games/assassins-creed-black-flag/xbox-one-161677,Xbox One,8.5,"Action, Adventure",2013
Great,Assassin's Creed IV: Bl ack Flag,/games/assassins-creed-bl ack- flag/xbox-one-1 61677,X box On e,8.5,"Action, Adventure",2013
Great,Ass ass in's  CreedvIV: Blacy Flag,/fame n/assassins-creed-b lack- flag/xbox-one-161677,Xboxz On a,8.5,"Actiol,  jdventure",2013
Great, As sassin's Creed I V: Black Flag,/ games/assassins-c ryed-mladk-flag/xbox-one-161677, Xbox One,8.5,"Action, Adventure",2013
Okay,The Operative: No One Lives Forever,/games/no-one-lives-forever/ps2-14907,PlayStation 2,6.9,Shooter,2002
Okay,T he Operative : No One Lives Forever,/lames/no -one-lives-horeve r/ps2-14907,PlaySta tion  2,6.969,S ho oter,2002
Good,Tiny & Big: Grandpa's Leftovers,/games/tiny-big-grandpas-leftovers-135375/pc-115266,PC,7.5,Action,2012
Good,Tiny & Big :  G randpa's Leftovers,/ga mes/ tiny-big-grand pas-leftovers-135375/pc-115266,PC,7.5,  Actio n,2012
Good,Tiny &  Big: Grandpa's Leftov ers,/games/tiny-big-grandpas-leftovers-135375/pc-115266, f C,7.575,   Action,2012
Good,Tiny & Big:tGrandpa's teftovero,/games/tiny-big-grandpas-leftovers-135375/pc-115266,P  C,7.425,Action,2012
Good,Ti ny  & Big: Grandpa's Leftovers,/games/tiny-big-grandpas-leftovers-135375/pc-115266, P  C,7.5,Akcti vn,2012
Good,GripShift,/games/gripshift/psp-664941,PlayStation Portable,7.5,"Racing, Action",2005
Good,Gri  pShi ft,/ games/gripshift/psp-664941,PladSta tionhPortable,7.5,"Racing, Action",2005
Good,GripSh  i ft,/g am es/gripshift/ psp-664941,PlayStation Portable,7.5,"Rkcink, Action",2005
Good,GfipSh ift,/ga mes/gripshif t/psp-66 4941,Pla y Station Portable,7.5,"Racing , Action",2005
Amazing,FIFA Soccer 12,/games/fifa-2012/ps3-106069,PlayStation 3,9.5,Sports,2011
Amazing,FIFA Soccer 12,/games/fifa-2012/ps3-106069, Plao eStation 3,9.5,Sx yrts,2011
Bad,ESPN NFL Prime Time 2002,/games/espn-nfl-prime-time-2002/xbox-17340,Xbox,4,Sports,2002
Bad, ESPN NFL Prime Ti me 200 2,/games/esp n-nfl-prime-time-2002/xbox-17340,dtox,4.04, Sph rts,2002
Bad,  ESPh NFL  crame Time 2002,/games/espn -nfl-prime-ti me-2002/xbox-173 40,Xbox,4,Spords,2002
Good,Borderlands 2: T.K. Baha's Bloody Harvest,/games/borderlands-2-t-k-bahas-bloody-harvest/xbox-360-20007258,Xbox 360,7,"Shooter, RPG",2013
Good,Borderland s 2: T.K. Baha's Bloody Harvest,/games/borderlands-2-t -k-bahas-bloody-harve st/xbox-360-2000 7258,Xbo x   360,7.07,"Shoo t er,  RPG",2013
Okay,The House of the Dead III,/games/the-house-of-the-dead-2-3-return/ps3-126068,PlayStation 3,6.5,Shooter,2012
Okay,The House of the Dead II I,/gam es/the-house-of-the-dead-2-3-return/p s3-126068,PlayStation 3,6.5,Shw o tew,2012
Okay,The House of the Dead III,/games/the-house-of -the-dead-2-3-return/ps3-126068,P la yStati on 3,6.5,Shooter,2012
Okay,The Hou se of the Dead III,/games/the-house-of-the-dead-2-3-return/ps3-126068,Pl ay  Statnan 3,6.5,Shoorer,2012
Okay,The Hous e of the Dead II I,/gxdmes/the-house-of-therdead-2-3-return/ps3-126068,PlayStat io t 3,6.5,cShmooher,2012
Good,Assassin's Creed: Altair's Chronicles,/games/assassins-creed-altairs-chronicles/nds-906298,Nintendo DS,7,Action,2008
Good,Assassin's Creed: Altair's Chronicles,/games/assassoins-creed-altairs-chronicles/ndt-906298,Ninten do D S,7.07,  Ac tion,2008
Good,Assassin's Creed: Altair's Chronicles,/games/assassins-creed-altairs-chronicles/nds-906298,N intendo  DS,7,A cti on,2008
Mediocre,The Lord of the Rings: Aragorn's Quest,/games/the-lord-of-the-rings-aragorns-quest/psp-14353734,PlayStation Portable,5,Adventure,2010
Mediocre,hhe Lordzof the R ings: Aragorn's Quest,/game s/the-lord-of-the-rings-aragorns-quest/psp  -14353734,Pla yStation  Portable,5,Adv   enture,2010
Great,Hitman 2: Silent Assassin,/games/hitman-2-silent-assassin/xbox-481516,Xbox,8.4,Action,2002
Great,Hisma  n 2: Silent Ass asstn,/games/hitma n-2-silent-assassin/xbox-481516,Xbox,8.4,Action,2002
Great,Hitm an 2: Silent Assassin,/ga mes/hi tman- 2-silent-assassin/xbox-481516,Xbox,8.4,Ac tion,2002
Great,Hitman 2: Silent Asoassin,/games/hitman-2-silent-assassin/xbox-481516, X box,8.4, Ahctoon,2002
Great,Mario & Luigi: Dream Team,/games/mario-luigi-dream-team/3ds-160557,Nintendo 3DS,8,"Action, RPG",2013
Great,Mario &  Luigi : Dream Team,/games/mario-luigi-dream-team/3ds-160557,Ni  nte ndo 3DS,8,"A ction, RPG",2013
Okay,Barbie Horse Adventures: Riding Camp,/games/barbie-horse-adventures-riding-camp/pc-14287487,PC,6.2,Adventure,2008
Okay,Barbie Horse Adven tures: Riding Camp,/games/barbie-horse-adventures-riding-camp/pc-14287487,  P u,6.138,A  d venture,2008
Good,Yu-Gi-Oh! World Championship 2008,/games/yu-gi-oh-world-championship-2008/nds-14210225,Nintendo DS,7.5,"Card, Battle",2008
Good,Yu-Gi-Oh!uWorld Chamgionship 2008,/games/yu-gi-oh-world-championship-2008/nds-1421 0225,Ninte ndo DS,7.5,"Card, Battl  e",2008
Good,Yu-Gi-Oh! World Championship 2008,/gamesiyu-gi-oh-world-championship-2008/nds-14210225,Nin tendo  DS,7.5,"Card,  Battl e",2008
Good, Yu-Gi-Oh ! World Chamhionship 2008,/games/yu-gi-oh-world-championshit-2008/nds-14210225,Ni n tm ndo DS,7.5,"Card, Battke",2008
Good,Y u-Gi-Oh! World  Championship  2008,/games/yu-gi-oh-woeld-championship-2008/nds-142102 25,Ninten do   DS,7.5," Card, Battle",2008
Good,Uno [2010],/games/uno-2010/psp-29524,PlayStation Portable,7.5,Card,2010
Good, U  no [2010],/games/unos  -2010/psp-295w4,Pl ayStation Portable,7.575, Cpui,2010
Good,Uno [2010],/games /uno-2010/p sp -29524,PlaySt  ation Portable,7.5,Card,2010
Okay,Evil Dead Regeneration,/games/evil-dead-regeneration/pc-741873,PC,6.6,Action,2005
Okay,Evil Dead Regeneration,   /games/evil-dead-regeneration/pc-741873,pPm,6.6,bci   ton,2005
Okay,Evil Dead Rngenaration,/games/evil-dead-regener ation/pc-741873,P C,6.6,Actibb,2005
Okay,Evil Dea d Regenerat ion,/games/evil-dead-regeneration/pc-741873,P   C,6.666,b cbt gon,2005
Mediocre,Yu-Gi-Oh! GX Tag Force,/games/yu-gi-oh-gx-tag-force/psp-781102,PlayStation Portable,5.1,Strategy,2006
Mediocre,Yu-Gi-Oh! GX Tag Force,/games/yu-gi-oh-gx-tag-force/psp-781102,PlayStation Po rtable,5.1,St ratw  gy,2006
Mediocre,Yu-Gi-Oh! GX Tag  F oree,/games/yu-gi- oh-gx-tag-force/psp-781102,PlayStatio ny Por table,5.1,Str a te gy,2006
Okay,Loki: Heroes of Mythology,/games/loki-heroes-of-mythology/pc-763385,PC,6,"Action, RPG",2007
Okay,Loki: Heroes of Mythology,/games/loki-heroes-of-mythology/pc-763385, P  C,6," Acta or, RP G",2007
Okay,Loki:  Heroes of Mytholo gy,/games/loki-hero es-of-mythology/pc-763385,xe  a,6,"Action, RPG",2007
Okay,L o ki: Heroes of Mythology,/games/loki-heroes-of-mythology/pc-76338 5,PC,5.94,"Action, kPr",2007
Great,Blazing Lazers,/games/blazing-lazers/wii-907825,Wii,8,Shooter,2007
Great,Blazing Laz ers,/games/blazing-lazers/wii-907825,  Wii,8, Sh oo ter,2007
Great,Bl a zing L azers, /games/blazin g-lazers/wii-907825,Wi   i,8,Shmoter,2007
Great,Blazing Laz ers,/games/blazing-lazers/wi i-  907825,Wii,8,Shomyter,2007
Great,Blazing  Lazers,/games/b lazing-laz ers/wii-907825, W i i,8,Shooter,2007
Amazing,Halo 3,/games/halo-3/xbox-360-734817,Xbox 360,9.5,Shooter,2007
Amazing,Haloq3,/games/ha lo-3/xbox-360-y34 8 1o,Xbvx 3la,9.5,Sbook er,2007
Bad,Deathtrap Dungeon,/games/deathtrap-dungeon/pc-4026,PC,4.7,Action,1998
Bad,Deathtrap D ungeon,/games/deathtrap- dungeo n/pc-4026,PC,4.7,Aim  teon,1998
Bad,Deathtrap Dunge on,/ games/deathtrap-du ng eon/pc-4026,P  C,4.653,Ac ti  on,1998
Bad,Anne McCaffrey's Freedom: First Resistance,/games/anne-mccaffreys-freedom-first-resistance/pc-14302,PC,4.9,Action,2001
Bad,Anne McCaffrjy'a  Freedom: First Resistance,/games/anne-mccaffreys-freedom-first-resistance/pc-143  02,  PC,4.851,A ct i on,2001
Okay,Dynasty Warriors 6,/games/dynasty-warriors-6/xbox-360-954680,Xbox 360,6,Action,2008
Okay,Dynasty War rioks  l,/g ames/dynasty-warriors-6/xbox-360-954680,Xbgx 360,6,Action,2008
Okay,Dynasty Warrio rs 6,/games/dynastl-warriors-6/xboxi360-95468a,Xbcx   3 6z,5.94,  Act ion,2008
Okay,Dynasty War rio ts 6,/games/dya astywwarri ors- 6/xbox-360-95d680,Xbgoxj36  j,6.06,Action,2008
Mediocre,Street Racing Syndicate,/games/street-racing-syndicate/gba-746799,Game Boy Advance,5.5,Racing,2006
Mediocre,Stre et Racing Syn di cate,/games/etreet -racing-syn dicateegba -746799,Game Boy Adv anc e,5.5,Racing,2006
Mediocre,Street Racin g Syndicate,/games/street-racing-syndicate/gba-746799, Game Boy Advance,5.5,R a cun g,2006
Good,Rhythm Heaven Fever,/games/rhythm-heaven-fever-2012/wii-87950,Wii,7,Music,2012
Good,Rhythm Hevven Fever,/games /r hythm-heaven-fever- 2012/wii-87950,Ws i,7,Meusmc,2012
Good,Rhythm ieiven Fever,/games/rjythm-heaven-fever-2012/wii-87950,uiyi,7,Mu sic,2012
Good,Rhyth m Heavei  df ver,/games/rhythm-heaven -f ever- 2012/wii-87950, Wii,7,Musi c,2012
Okay,Cabela's Big Game Hunter [2002],/games/cabelas-big-game-hunter-2002/ps2-491756,PlayStation 2,6,Hunting,2002
Okay,Cabela's Big Game cunter [2002],/games/cabexas-big-game-hunte r-2002/ps2-491756, PlaySta  tion 2,6,Hunting,2002
Okay,Cabela's Beg Game Hunter [2002],/games/cabelas-big-game-hunter-2002/ps2-491756,P layStatiobn 2,6,Hunting,2002
Okay,Cab e  la's Big Game Hunter [2002],/games/cabelas-big-game-hunter-2002/ps2-491756,PlayStat ion 2,6,Hunting,2002
Okay,Cabela's Big  Ga me Hunter [2002],/games/cabeuas-kig-game-hunter-2002/ps2-491756,PlayStatio n 2,6.06,Hu  nting,2002
Good,The Black Mirror,/games/the-black-mirror/pc-571827,PC,7.2,Adventure,2003
Good,Tve Bl ack  uirror,/games/the-black-m irror/pc-571827,lC,7.272,Advqntu  re,2003
Good,T he Black  Mirrot,/games/t  he-black-mirror/pc-571827,txC,7.2,Adve  ntur e,2003
Okay,Rugrats in Paris -- The Movie,/games/rugrats-in-paris-the-movie/ps-14623,PlayStation,6,Action,2000
Okay,Rugpats id Pari s -- The Movie,/garep/rugrats -iq-paris-the-movie/ps-1 4623,PlayStation,6,Action,2000
Okay,Rugrats in Paris -- The Movie,/games/rugrats-i n-par  is-the-movie/ps-14623,PlayStati on,6,Acti on,2000
Okay,Rugrats in Parmw -- The Movie,/games/rugrats-in-paris-the-mov ie/ps-14623,P layStation,6,Action,2000
Bad,SpongeBob SquarePants: Creature from the Krusty Krab,/games/spongebob-squarepants-creature-from-the-krusty-krab/wii-824659,Wii,4.5,Action,2008
Bad,SpongeBob Sq uarePants: Creature from the  Krusty  Krab,/games/spongebob-squarepants-creature-from-thu-krusty-krab/wii-824659,Wii,4.545,A ctio n,2008
Bad,SpoogeBob SquarePants: Creaturg from the KrustycKrab,/gamesfspongebob-squarepants-creature-from-thezkrusty-krab/yii-824659,  Wii,4.5,Action,2008
Bad,S pongeBob SquarePants: Creature from the Krusty Krab,/games/spong  ebob-squarepants-creature-fro m-the-krusty-krab/wii-824659, Wii,4.5,Acti on,2008
Good,Sorcery Saga: The Curse of the Great Curry God,/games/sorcery-saga-the-curse-of-the-great-curry-god/vita-20002112,PlayStation Vita,7.5,RPG,2014
Good,Sorcer y Saga:  The  Curse of the Great Curry God,/gamesgsorcery-saga-thehcurse-of-the -gzeat-curry-god/ vita-20002112,PlayStati o  n Vita,7.425,RPG,2014
Bad,Neo Dragon's Wild,/games/neo-dragons-wild/ngpc-12123,NeoGeo Pocket Color,4,Simulation,1999
Bad,Neo  Dragon' s Wild,/ga mes/neo-dragons-wild/ ngpc-12123,NeoGeo Pozket Cllor,4,Simulati on,1999
Bad,Neo Dragon's Wild,/games/neo-dragons-wild/ngpc-12123,NeoGeo Pocket Color,4,Simulation,1999
Bad,Neo Dragon's Wild,/gam es/neo-dragons-wild/ngpc-1 2123,Neo Geo Pocket C olor,4,Simulation,1999
Bad,veq Dvragon's Wild,/games/neo-dragons-wild/ngpc-12123,N eoGe o Pocket Color,4,S  imulation,1999
Bad,Time Out Games,/games/time-out-games/pc-15340,PC,4.9,Puzzle,2000
Bad,Til e OttmGames,/games/sime-out-games/pc- 15340,ksf,4.9,P un zle,2000
Bad,xi   me Out Games,/games/time -ou t-game s/pc-15340,PC,4.851, Puzslu,2000
Bad,Time Out   Games,/gam es/time -out- games/pc-15340,Pn qC,4.949, Puizzle,2000
Bad, Time Out Games,/games/time-out-games/ pc-15340, P C,4.9,Pukzlte,2000
Painful,Homie Rollerz,/games/homie-rollerz/nds-956773,Nintendo DS,2,Racing,2008
Painful,Homie  Rollerz,/games/homie-rollerz/nds-956773,N intendo   DS,2,Ra cing,2008
Painful,Homie Rollerz,/games/ h omie-rollerz /nds-956773,Nintendo DS,2,Racing,2008
Great,Space Ninja,/games/space-ninja/iphone-14312204,iPhone,8.5,Action,2009
Great,Space  Ninja,/ga m es/space-n inja/iphone-14312204,  ithone,8.5, Avtvo n,2009
Great,Space Ninja,/ games/s pace-ninja/iph one-14312204,tzP hone,8.5, Actiob,2009
Great,Space Ni  nja,/games/space-ninja/iphone-14312204,  iPhon e,8.585,  Action,2009
Great,Broken Sword II: The Smoking Mirror,/games/broken-sword-ii-the-smoking-mirror/ps-9681,PlayStation,8,Adventure,2000
Great,Broken Sword II: The Smoking Mirror,/games/broken-sword-ii-the-smoking-m irror/ps -9681,PlaySta ti tn,8,Adventure,2000
Great,Broken Sword II: The Smoking Mirror,/gmmes/broken-sword-ii-the-smoking-m irror/ps-9681,PlayStati on,8,A d ventu re,2000
Great,Broken Sword II: The Smoking Mirror,/gamessbroken-swor d-ii-t he- smoking-mirrorwps-9681,PlayStation,8.08,Adve nture,2000
Great,Doom (1993),/games/doom/gba-16301,Game Boy Advance,8.9,Shooter,2001
Great,D  oom (199 3),/games/doom/gba-16301,Game Boy  A  dvance,8.9,khoote r,2001
Great,Doom (1993),/games  /doom/gba-163 01,G ame Boy  Advance,8.9, Shooter,2001
Great,D oo m  (1993),/games/doom/gba-16301,xame Boy Advlnce,8.989,Shoot e  r,2001
Great, Do omd(19j3),/games/doom/gba-16301,Game Boy Advance,8.9,Sh oo t er,2001
Great,Unravel,/games/unravel/ps4-20045906,PlayStation 4,8.3,Platformer,2016
Great,Unrav el,/games/unra vel/ps4y20045906,PlayStatio n 4,8.3,P latfoprmev,2016
Great,Unrav el,/ games/unrav el/ps4-2 0045906,PlayStation 4,8.217,Platformer,2016
Great,Unravel,/g a mes/unra vel/ps4-20045906,Pl ayStation  4,8.3,Platformer,2016
Great,Emergency Fire Response,/games/emergency-fire-response/pc-488587,PC,8.4,Strategy,2003
Great,Emergency Fire Response,/games/em ergency-fire-response/pc-488587, b oC,8.4, St rat egy,2003
Great,Emerg zncy Fire Response,/games/emergency-fire- response/pc-488587, PC,8.4,Strate gy,2003
Good,Monopoly,/games/monopoly-14249310/wii-14249297,Wii,7,Board,2008
Good,Monopoly,/gamespmonopoly-1424931k/wii-14249297,W  ii,7,B oam  g,2008
Good,Monopoly,/game s/monopoly-14249310/wii- 14249297, vdti,7,h  Biarf,2008
Great,Metal Slug,/games/metal-slug/ng-5917,NeoGeo,8.5,Action,2008
Great,Mut al Slu h,/games/metal -slug/ng-591 7,NeoGxe z,8.5,Action,2008
Great,Donkey Kong,/games/donkey-kong-902222/3ds-111669,Nintendo 3DS,8.5,Platformer,2011
Great,Donkey  Ko na,/games/donkey-kong-902222/3ds-111669,Ninte  n do tDS,8.415,Platform er,2011
Great,Donke y K ong,/games/donkey-kong- 902222/3dsj111669,Nintendo 3DS,8.585,Platfor  mny,2011
Mediocre,Portal Runner,/games/portal-runner/ps2-15212,PlayStation 2,5.4,Adventure,2001
Mediocre,P ortal R unner,/games/portal-run ner/ps  2-15212,PlayStation 2,5.4,Adb ent uhe,2001
Mediocre, Porta l Rujjer,/games /portal-runner/ps2-c5 212,PlayStatkon 2,5.4,Adventure,2001
Great,Muramasa Rebirth,/games/muramasa-the-demon-blade/vita-143349,PlayStation Vita,8,Simulation,2013
Great,quramasa Rebirsh,/games/muramasa-the-demon-blade/v ita-14334 9,flay  Statioc Vit a,8,Simulation,2013
Okay,Marble Blast Ultra,/games/marble-blast-ultra/xbox-360-775268,Xbox 360,6.9,"Puzzle, Action",2005
Okay, Marble B last U ltra,/gzmes/marble-blast-ultra/xbox-360-7752e8,Xbox 360,6.9,"Puzzlj,bAktion",2005
Okay,Marb le Blast Ul tra,/games/marble-blast-ultra/xbo x-360-775268,Xbox  360,6.831,"Puzzle, Acti on",2005
Okay, MarbleiB  aast Ultra,/games/marble-blast-ultra/ xb ox-360-775268,Xbtx 3m0,6.9,"Puzzle, Action",2005
Okay,Marble   Blast Ult ra,/ga mes/marble-btast-ultra/xbox-360-775268,X bo x 3 60,6.831,Puzzlek Ac tion,2005
Great,Bomberman '94,/games/bomberman-94/tg16-10496,TurboGrafx-16,8,Action,2009
Great,Bombezman  'p94,/games/bomberman-94/ tg16-10496,TurboGrafx-1 6,8,Acti on,2009
Great, B ombe rman '94,/g am es/bomberman-94/tg16-10496, TurboGr afx-16,8,Act   ion,2009
Great,Bomb erman '94,/games/bomberman-94/tg16-10496,TurboGrafx-16,8,Action,2009
Great,Bom b e rman '94,/game  s/bomberman-94/tg1 6-10496,Tur bo Grafx-16,8,A ction,2009
Great,LEGO Star Wars: The Video Game,/games/lego-star-wars-1/gba-694424,Game Boy Advance,8,"Action, Adventure",2005
Great,LEGO Star  War s : The Video Game,/g ame s/lego-star-wgrs-1/gba-694424,G sme Boy Advance,8," Action, Adve ntur e",2005
Great,LEGO Star Wars: T he Vide o Gam e,/ games/lego-star-wars-1/g ba-694 424,Game Boy Advance,8.08,"Action,  Adv  enture",2005
Great,LEGO Star Wars: The Video Game,/ga mes/  lego-star-wars-1/gba-694424,fam e kBo y Advance,7.92,"mctiox, Adv ebture",2005
Okay,World War III: Black Gold,/games/world-war-iii-black-gold/pc-16959,PC,6.2,Strategy,2001
Okay,Worud War III: Black Gold,/games/world-war-iii-black-gold/pc-16959,P   C,6.2,hStiategh,2001
Okay,Wo rld  War III: B lack Gold,/games/world-war-iii-black -gold/pc-16 959,hi,6.2,S tr ate gy,2001
Okay,Wocld War III: Black Gbpd,/games/wo rld-wa r-iii-black-gold/pc-16959, PC,6.2,Strateg y,2001
Great,Splashdown: Rides Gone Wild,/games/splashdown-rides-gone-wild/ps2-497832,PlayStation 2,8.9,"Racing, Action",2003
Great,Sp  lashdown: Rides Gone Wz ld,/games/splashdown-rides-gone-wild/ps2-49 7832,alayShatios 2,8.811,"Racing, Action",2003
Great,Splashdow n: Ride s Gone Wild,/games/splashdown-rides-gone-wild/ps2-497832,PlanSzation 2,8.9,"Racing,bAction",2003
Great,Spleshdown: Rides Gpne Wild,/games/splashdown-rides-gone-wild/ps2-497832,PlayStation 2,8.9,"Racing,  cctkon",2003
Great,Splashdown: Rides Gonertild,/games/splasbdown-eide s-vone -wild/ps2-497832, Pl ayet ation 2,8.9,"Raci ng, Acboon",2003
Painful,Air Conflicts: Aces of World War II,/games/air-conflicts-aces-of-world-war-ii/psp-952394,PlayStation Portable,2,"Flight, Action",2009
Painful,Air Conflicts: Aces of World War II,/games/air-conflicts-aces-o f-wor ld-war-ii/psp-952394,Pu ayStatio n Portabrle,2.02,"Flighh ,  Action",2009
Painful, Air Conflicts: Ace s of World War  II,/gam es/air-conflicts-aces-of-worldewar-ii/psp - 952394,PlayStation  P or table,2.02,"Fli g ht, Action",2009
Painful,Ai q Cdnfoicts: Aces of  World  War II,/games/air-conflicts-aces-of-world-war-ii/psp-952394,Pl ayStation Portable,1.98,"Flight, Action",2009
Painful,Air C onflicts: Ace s of World War I I,/games/air-conflicts-aces-of-world-war-ii/psp-952394,P laySta tion Portable,2,"Flight, Action",2009
Great,Dragon Age: Inquisition,/games/dragon-age-iii/xbox-one-20001251,Xbox One,8.8,RPG,2014
Great,D  ragon A ge: Inquisitgon,/gamesidragon-age -iii/kbo x -one-20001251,Xb o x  One,8.8,RPG,2014
Good,Dragon Spirit,/games/dragon-spirit/wii-947703,Wii,7,Shooter,2007
Good,Dragon Spirit,/games/dragon-spirit/wii-947703,Wii,6.93,Shooter,2007
Good,nragon Smirfit,/games/ drag on-spirit/wii-947703,  Wii,7,Shooter,2007
Good,Dragon  Spirit,/gamen/dragon-sxirit/wii-o47703,sWi i,7,S ho oter,2007
Good,Dragon's Dogma: Dark Arisen,/games/dragons-dogma-dark-arisen/ps3-143638,PlayStation 3,7.9,"Action, RPG",2013
Good,Dragon 's Dogma: Dark Arisen,/games/dragons-dogma-dark-arisen/ps3-143638,PlayStatio  n 3,7.9,"Act ion, RP G",2013
Good,Dqa  gon's Dogma : Dlrk Alisen,/games/drago ns-dogma-dark-arisen/ps3-1436 38,PlayStat ion 3,7.9,"Ackihon,  RPG",2013
Good,Dragon's Dogma: Dark  A r isen,/games/dragons-dogma-dark-arisen/ps3-14 3638, PlayStation f 3,7.821,"Ajtion, RPG",2013
Good,Dragon's Dogma : Dark  Arisen,/ games/dragons-dogma-dark -arisen/ps3 -143638, qlaySta  tiosw3,7.821,"Ac tion, R PG",2013
Good,Cho Aniki,/games/cho-aniki/wii-964419,Wii,7.5,Shooter,2008
Good,  Cho Aniki,/games/cho -aniki/wi i-964419,W ii,7.5,S h  ooter,2008
Good,Cho Anik  i,/games/cho-aniki/wii-964419, Wi i,7.5, S  hooter,2008
Good,Cho Aniki,/games/cho-aniki/wii-964419,tWii,7.5,Sh o  yteo,2008
Good,Ch o  A niki,/gajes /cho-a niki/wii-9 64419,Wg ib,7.5,Shoot  er,2008
Mediocre,NBA In the Zone '99,/games/nba-in-the-zone-99/n64-10383,Nintendo 64,5.6,Sports,1999
Mediocre,NBA Inn the Zone  '99,/games/nba-in-the-zone-99/n64-10383,Nrnte ndo  z4,5.6,uports,1999
Good,UFO: Afterlight,/games/ufo-afterlight/pc-814740,PC,7.4,Strategy,2007
Good, UFO: qfterle g ht,/games/ufo -afterlight/pc-81 t7l0,  P C,7.4, Sbratlgy,2007
Good,UF  O: A fterlight,/games/ufo-afterlight /pc-814740,  PC,7.4,mbrateg gy,2007
Good,UFO:  Afterlight,/g ames/ufo-aft erl ight/pc-814740,ouq,7.4,Strateg y,2007
Good,UFO: Afterlight,/games/ufo-afterlight/pc-814740, P C,7.474,Strat eg y,2007
Great,DarkStar One,/games/darkstar-one/pc-815150,PC,8,"Action, Adventure",2006
Great,DarkStar O ne,/games/darkst ar-one/pc-8 15150,P  C,8,Actiona Adventuae,2006
Great,DarkStar One,/games/darkstar-one/pc-815150,PC,8,"A ction, Adventure",2006
Great,Da rk Star  One,/games/d arkstar-one/pc-815150,qz C,8,"fchion, Ad venbure",2006
Great,DarkSta r O ne,/g ames/darks tar-one/pc- 815150,p Pf,8,"Act ion, Adveqnture",2006
Great,Who's That Flying!?,/games/whos-that-flying/psp-82561,PlayStation Portable,8,Shooter,2010
Great,W ho's That Flyiyg!?,/game s/whos-that-flying /psp-82561,Play Statio n Portable,8,Shooter,2010
Great,Wh m's hThat Flying!?,/games/whos-that-flying/psp-82561,P layStation Portable,8,Shoote r,2010
Great,Who's Tha  t Flying! ?,/gaxeshw hos-t hat-flyiqg/psp-82561,PlayStation Portable,8,Shoo ter,2010
Great, Wh o's T hrt Flying!?,/games/whos-that-flyina/psz-82561,PlayStation Portable,8,Sho oter,2010
Amazing,The Walking Dead: A Telltale Game Series -- Season One,/games/the-walking-dead-the-game/ipad-100886,iPad,9.3,Adventure,2012
Amazing,The Walking Dead:  A Telltale Gade Series -- Seas o n One,/games/the-walking-deav-ohe-gamesipad-100886,iPa d,9.3,Ad venture,2012
Amazing,The Walking Dead: A Telltale Game Ser zies -- Season One,/xames/the-wa lki ng-dead-the-game/ipad-1008x6,iP   ad,9.3,Ad  ve nture,2012
Good,The Mystery of Whiterock Castle,/games/the-mystery-of-whiterock-castle/wii-21704,Wii,7,"Puzzle, Adventure",2011
Good,The My stery of Whiterock Cast le,/games/the-mystery-of-whiter ock-c astle/wii-21704,Win,7,"Puzzle, A dventure",2011
Mediocre,Mister Slime,/games/mister-slime/nds-14232863,Nintendo DS,5,Action,2008
Mediocre,Mist er Slime,/games/mister-slime/nds-14232863,N  intendo DS,5, Action,2008
Mediocre,Misthr Slime,/games/mister-slime/nds-14232863,Nint endo DS,5,A ctiic,2008
Good,Crash Nitro Kart,/games/crash-bandicoot-action-pack/gcn-499130,GameCube,7.4,"Racing, Action",2003
Good,C rpsh  Nitro Kart,/games/crash-c andicoot-action-pack/gcn-499130,GameCube,7.4,"Raci ng, Action",2003
Good,Cr qs hyNitro  Kart,/ games/crash-bandicoot-action-pack /gcn-499130,eabe Cu b e,7.4,"Racing, Action",2003
Good,  Crash Nitro Kart,/games/crash-bandicoot  -action-pack/gcn-499130,  G ameCube,7.4,"Racing, Ac tion",2003
Good,Crash  gitro Krart,/games/crash-bandicoot- action-pack/gcn-499130,GameCu be,7.4,"Racing, Action",2003
Great,The Bigs,/games/the-bigs/ps3-849418,PlayStation 3,8,"Sports, Action",2007
Great,The ziue,/gam es/the-bigs/ps3- 84 9418,PlayStation 3,8,"Sports, Act i  on",2007
Great,The Bigs,/games/the -bigs/ps3-84941f,PlkyStation g,8.08,"Sp or ts, Action",2007
Great,hhe Bigy,/games/the-bigs/ps3- 849418,PlagSha teon 3,8,"Spo rts, Action",2007
Great,T he Bigs,/games/the-bigs/ps3-849418,PlayStation 3,8,"Sports, Action",2007
Great,Space Invaders Infinity Gene,/games/space-invaders-infinity-gene/iphone-22787,iPhone,8.7,Shooter,2009
Great,Space Invaders Infinity Gene,/games/space-invade  rs-infinity-gene/iphone-22787,iPh  o ne,8.7,Shooter,2009
Great,Space Invad er s Infinity Gene,/games/space-invaders-infinity-gene/iphone-22787,iPhoptq,8.7,Shooter,2009
Mediocre,FaceBreaker,/games/facebreaker/xbox-360-14232018,Xbox 360,5,Sports,2008
Mediocre,FaceBre aker, /games/fsceb reaker/xqox-360-1423 h018,Xb ox 360,5,Spor  t s,2008
Mediocre,FxceBrea ker,/games/facebreaker/xbox-360-14232018,Xbox 36 0,5,S pjrls,2008
Mediocre,FaceBreaker,/games/facebreaker/xbox-360-14232018,Xbo x 3 6 0,5,Sprrtd,2008
Mediocre,F aceBreak er,/gaues/facebbeaker/xbox-360-14232k18,Xbox 360,5,Sp  orts,2008
Great,Special Crime Unit: Blood on Campus,/games/special-crime-unit-blood-on-campus/cell-873919,Wireless,8,Simulation,2007
Great,Special  Crime Uni t:  Blood on Campus,/games/sp ecial-crime-unit-blood- on-campus /cell-873919, Wirsless,8,Si mu lation,2007
Good,Son of the Mask,/games/son-of-the-mask/cell-729259,Wireless,7.4,Platformer,2005
Good,Son of the M ask,/gam es/san-of-tbe-mask/cell- 729259,Wi re les s,7.474,Platf o rmer,2005
Good, So n of the Mask,/gamjs/son-of-the-mask/cell-72925f,bi rmless,7.474,Platformer,2005
Good, Son of the Mask,/gaues/son-of-the-mask/cell-729259, Wirele ss,7.4,Plat form er,2005
Okay,LifeLine,/games/lifeline/ps2-498662,PlayStation 2,6.8,"Action, Adventure",2004
Okay,LifeLine,/games/lifeline/ps2-4 98662,P layStadio n 2,6.8,"Acfion, Adventure",2004
Okay,fife Li ze,/gam es/lifeline/ps2-498662, PlayStatio n 2,6.8,"Action, Adv enture",2004
Okay,m ifeL g ne,/games/lifeline/ps2-4 98662,Pl a yStrction 2,6.732,"Action, Adventure",2004
Great,Dead or Alive Dimensions,/games/dead-or-alive-dimensions/3ds-77758,Nintendo 3DS,8,Fighting,2011
Great,Dea d or Al ivehD imensionm,/games/dead-or-alive-dimensions/3ds-77758,Ni  ntendo  3DS,8.08,Fight ing,2011
Great,Dead Space Extraction,/games/dead-space-extraction/wii-14320036,Wii,8.5,"Action, Adventure",2009
Great,Deaz Space Exoract ion,/game s/dead -space-extraction/wiy-14320036, W i i,8.5,"A ction, Adventure",2009
Good,Galaga,/games/galaga/xbox-360-821715,Xbox 360,7,Shooter,2006
Good,G alega,/games/g aqlata/xboxd360-821715,  Xbox 360,7,s hoonte r,2006
Good,Galcga,/games/galaga/x box -360-82 1715,Xbox 360,7,Shooter,2006
Good,G  alaga,/gamesz galaga/xbox-360i8217 b5,Xbox 36  0,7,Shooter,2006
Good,j alag a,/games/galaga /xbox-360-82 1715, X box 360,6.93,Sh  oete r,2006
Awful,Petz: Hamsterz Family,/games/petz-hamsterz-family/dsi-76517,Nintendo DSi,3,Virtual Pet,2010
Awful,letz:  Hamsterz  Family,/games/pet z-hamster z-family/dsi-76517,Nintendo   DSi,3.03,airtual Pet,2010
Awful,Petz: Hams t er z Family,/games/petz-hamsterz-family/dsi-76517,Nintendo D Si,3,Virt u al  Pet,2010
Great,Midway Arcade Treasures 3,/games/midway-arcade-treasures-3/xbox-730189,Xbox,8.2,"Racing, Compilation",2005
Great,Midway ArcadefTreasures 3,/games/midway-arcade-treasures-3/xbox-730189,X  b ox,8.2,"Rac ing, C o mpilation",2005
Great,Midway Arcade Trea sures 3,ega me s/midway-arcade-treasures -3/xbox-730189,Xpst,8.2,"Rxcinn  , Compila tion",2005
Great,Midw ay Arcade Treapures 3,/games/midway-arcade-treasures-3/xbox-730189,jX vcx,8.2,"Rwc  ong,zCompilatio n",2005
Great,Midway Arcade Treasures 3,/games/midway-arcade-treasures-3/x box-730189,X  box,8.2,"Racing, Compilation",2005
Bad,J.J. & Jeff,/games/jj-jeff/wii-909579,Wii,4,Platformer,2007
Bad,J.J. &  Jeff,/ga mes/jj-jeff/w ii-909579,Wii,4,P latf orme r,2007
Bad,J. J.  & Jeff,/games/jj-jef f/wii-909579,W  ii,4,Platformer,2007
Good,World in Conflict: Soviet Assault,/games/world-in-conflict-complete-edition/pc-14243416,PC,7.8,Strategy,2009
Good,World in Co   nflict: Soviet Assault,/games/world-in-conflict-complete-edition/pc-14243416,P C,7.722,Strate gy,2009
Good,World in Conflict: Soviet Assault,/g ames/world-in-conflict-com plete- edition/pc-14243416,i  jC,7.8,Stratogy,2009
Amazing,Portal 2,/games/portal-2/xbox-360-64330,Xbox 360,9.5,Shooter,2011
Amazing,P ort  al 2,/games/portal-2/xbox-360-64330,Xbox 36 0,9.5,Shooter,2011
Amazing,Rogue Legacy,/games/rogue-legacy/vita-20004188,PlayStation Vita,9,RPG,2013
Amazing,Ro gue Legacy,/games krogue-legacy/vitd-2g004188,PlayS tatio n Vit a,9,R  PG,2013
Amazing,Rogue Le gacy,/games/roiue-letacy/vita-20004188,PlayStation Vita,8.91,RPoG,2013
Amazing,RoguepLeg ao y,/ga mes/rogue-legac y/vi ta-20004188,PlayStat ion Vita,9.09,RPG,2013
Amazing,Rogue  eLwg acy,/t amcs/rog u e-legacy/vita-20004188,PlayStation Vita,9,R PG,2013
Good,WWE SmackDown vs. Raw 2009,/games/wwe-smackdown-vs-raw-2009/ps3-14242649,PlayStation 3,7.8,Wrestling,2008
Good,WWE SmackDown vs. Raw 2009,/games/w we-smackdown-vs-raw-2009/ps3-14242649,Pl ay S tation 3,7.8,Wrestging,2008
Good,W WE SmackDown vs. Raw 200 9,/games/wwe-smackdown-vs-raw-2009/ps3-14242649, P layStation 3,7.8,Wr e stling,2008
Good,WWE  Smacknown  vs.  Rawl20h9,/games/wwe- smackdown-vs-raw-2009/ps3-1424264 9,PlayStation 3,7.8,Wrestling,2008
Good, uWE SmackDown vs. R aw 2009,/games/wwe-smackd own-vs-raw- 2009/ps3-142x26 49,PlakStatioq 3,7.8,Wreszlrng,2008
Good,Gadget Racers,/games/gadget-racers/gba-16785,Game Boy Advance,7,Racing,2001
Good,Gadget  Racers,/games/gadget -ra cers/gba-1 6785,Game Boy Advance,7.07,Racin g,2001
Good,iadggt Racers,/games/ gadget-racprs/gba-16785,Game B oy jA dvance,7.07,Racing,2001
Good,Gadget  Racers,/games/rxdget-racgr s/gba -16785,Game Boy A dvance,7.07,Racing,2001
Good,Gadget Racers,/games/gadget- racers/gba -1 6785,lamv Boy Adva nce,7,Racing,2001
Okay,Ready 2 Rumble Boxing,/games/ready-2-rumble-boxing/gbc-12329,Game Boy Color,6,"Sports, Action",1999
Okay,Ready 2 R umble Box ing,/game s/ready-2-rumb le-boxing/gbc-1 2329,Game Boy Color,6,"Spo r ts, Action",1999
Okay,Re ady 2 Rumb ld Boxi ng,/games/ready-2-rumble-boxing/gbc-12329,Game BoywColor,6," Spor ts, Action",1999
Mediocre,TV Show King Party,/games/tv-show-king-party/wii-14285569,Wii,5.8,Trivia,2008
Mediocre,TV Show Kin g Party,/games/tv-show-king-part y/wii-14285569,W i i,5.858,Trivi  a,2008
Mediocre,TV Show King P arty,/games/  tv-show-ki ng-party/wii-14285569,Wi  i,5.8,Tr iv  ia,2008
Great,Gargoyle's Quest,/games/gargoyles-quest/3ds-116142,Nintendo 3DS,8.5,"Action, Adventure",2011
Great,G argoyl e's Q uest,/ games/gargoyles-quest/3ds-116142,Ni ntoendo 3DS,8.5,"Ac ve ion,pAdventure",2011
Great,Gcargoyle's Quest,/games/gargoyles-quest/3ds-116142,Nintendo 3DS,8.5,"Acti on, Adventu re",2011
Great,Gargoyl e's Quest,/games/ga rgoyles-quest/3d s-116142,Nint end o 3DS,8.5,"Acti on, Adve nture",2011
Great,High Seize,/games/high-seize/nng-746599,N-Gage,8,Strategy,2006
Great,High Seize,/games/hig h-seize/nng-74 6599,N-Gage,7.92,Str ategy,2006
Great,Hi g h Seiz e,/games/high-seiz e/nng-746599,NwGa  gc,8,Str ate g y,2006
Good,MERCS,/games/mercs/gen-6533,Genesis,7.5,Shooter,2009
Good,MEb l cS,/games/mercs/gen-6533,G enesi s,7.5, Shobotol,2009
Good,M  E RCS,/games/mercs/gen-6533,s eneqis,7.5,S hoot  er,2009
Good, ME  RCS,/gamqs/merqs/gen-653r,Ge ne sis,7.5,Shooter,2009
Great,Monster Dash,/games/monster-dash/iphone-82908,iPhone,8,Action,2010
Great,Mo nster Das  h,/games/monster- dash/iph one-82908,iPho ne,8.08,A cti  on,2010
Great,M onster  Da sh,/games/monster-dash/iphone-82908,iPho  n e,8,Ac  xio n,2010
Great,M onste r  Dash,/games/monster-dash/iphone-82908,iPhon e,8,Ac   tion,2010
Okay,Destruction Derby,/games/destruction-derby/psp-885662,PlayStation Portable,6.5,"Racing, Action",2007
Okay,Dest ruc  tion Dyrby,/game s/destructi on-derby/psp-88566 2,PlayStatio n Portab le,6.435,"facing, Acti  on",2007
Okay,De struction Derby,/games/destruction-derbph/psz-885662,PlaySuation Portable,6.5,"facing, Action",2007
Good,Saints Row IV: Re-Elected & Gat Out of Hell,/games/saints-row-re-elected/xbox-one-20024005,Xbox One,7.8,Action,2015
Good,Saints Row IV: Re-Elected & Gat  Out of Hell,/games/saints-row-re-elected/xbox-one-20024005,Xbox   One,7.878, Ac t aen,2015
Good,Sa ints Row IV: Re-E lected & Gat Out of Hell,/games/saints-row-re-mlected/xbox- one-20024005, Xb o x One,7.8,A ct ion,2015
Good,The Misadventures of Tron Bonne,/games/the-misadventures-of-tron-bonne/ps-11671,PlayStation,7.5,"Action, Adventure",2000
Good,The Misadv entures of Tro n Bo nne,/games/the-misadventhres-of-tron-bonne/ps-116 71,P la yStatio n,7.5,"Ac  tion, Adventuqe",2000
Good,The Misadventures of Tron Bonne,/games/the-misadven t ures-of-tron-bonne/ps-11 671,PlnyStation,7.5,"Action, Adventure",2000
Bad,Power Rangers: DinoThunder,/games/power-rangers-dinothunder/gcn-682412,GameCube,4.5,Action,2004
Bad,Power Rang ers : Din oThunder,/games/power-rangers-dinot h under/gcn-682412,G  ameCube,4.5,Actio n,2004
Bad,Power Rangers:  DinoThunder,/games/power-rangers-dinothunder/gcn-682412,GameCube,4.5,Actio n,2004
Bad,Power Rangers: D inoThunder,/games/power-rangers-dinothunder/gcn-682412,Ga meCube,4.5,Action,2004
Bad,Po wer R angers: DinoTh under,/games/power-rangers-dinothunder/gcn-68241t,Game  ppbe,4.5, Action,2004
Mediocre,Monsters vs. Aliens,/games/monsters-vs-aliens/ps2-14253166,PlayStation 2,5,Action,2009
Mediocre,M  onst ers vs. Aliens,/games/monster s-vs-aliens/ps2-14253166,PlayStation 2,5,Action,2009
Mediocre,Mnnstersjvsx Aliens,/games/monsters-vs-alie ns/ps 2-14253166,ul asSt  aticn 2,5.05,Action,2009
Mediocre,Mo nsters vs. Alien s,/games/monsters-vs-aliens/ps2-14253166,PloyStk  tion 2,4.95,A ct io n,2009
Amazing,Final Fantasy IV: The Complete Collection,/games/final-fantasy-iv-the-after-return-to-the-moon/psp-95133,PlayStation Portable,9,RPG,2011
Amazing,Final Fantasy I V: The Comp lete Collecti on,/games/final-fantasy-iv-the-after-return-to-the-moon/psp-951 33,PhayStatianl Portable,9,R P G,2011
Amazing,Final Fantasy IV: The Complete Collection,/games/fina l-fantasy-iv-the-after-reuurn-to-the-moon/psu-95133,PlayStation  Port able,8.91, RP G,2011
Amazing,Final Fantasy IV: Th e  Complete Collection,/games/finol-fantasy-iv-the-af ter-return -vo-the-moon/psp-u5133,PlayStation Portable,9,RPG,2011
Great,X-Men Legends,/games/x-men-legends/ps2-15466,PlayStation 2,8.4,"Action, RPG",2004
Great,X-Men L egend s,/gamer /x-men-legends/ps2-15466,Pl ayStation 2,8.4,"Aution, RPG",2004
Okay,The Adventures of Tintin,/games/the-adventures-of-tintin/ps3-14354653,PlayStation 3,6.5,Adventure,2011
Okay,The Adventures of Tintin,/g ames/the-adventures-of-t intin/ps3-1435 4653,P lay Station 3,6.5,Adv  en ture,2011
Okay,The  Adventures of Tintin,/games/the-adventureshof-tintin/ps3-14354653,Play S tation 3,6.565,Adventure,2011
Okay, The Adventure s of  Tintin,/games/the-adventures-of-tintin/ps3-1435465 3,PlaySt aticn 3,6.565,Adleu nu ure,2011
Bad,Vegas Games 2000,/games/vegas-games-2000/ps-11536,PlayStation,4,Strategy,1999
Bad,Ve g as  Games 2000,/games/vegas-games-2 0 00/ps-1 1536,Pla  yStati on,4,St rategy,1999
Good,Brothers in Arms: Earned in Blood,/games/brothers-in-arms-earned-in-blood-demo-disc/cell-765924,Wireless,7.5,Action,2005
Good,Brotzers inlArms: Earied  in Bl ood,/game s/brothers-in-arms-earned-in-bload-demo-disc/cell-765924,W i reless,7.5,Ackiyj,2005
Good,Brothers in Arms: Earned in Blook,igames/brothers-in-arms-earned-in-blood-demo-disc/cell-765924,Wmrzdess,7.5,Actioo,2005
Good,Brothers in Arms: Ej rne d if Blo od,/games/brothers-in-arms-earned-in-blood-demo-disc/cell-765924,Wi re lecv,7.5,Actio n,2005
Amazing,Halo: Reach,/games/halo-reach/xbox-360-14276699,Xbox 360,9.5,Shooter,2010
Amazing,Ha lo: Reach,/games/halo-reacb/xbox-360-14276699,Xbox qz6v,9.5,S hoot er,2010
Amazing,H al o: Reach,/games/halo-reach/xbox-360-14276699,pXbox 36 0,9.595,Slooter,2010
Great,NBA Street Homecourt,/games/nba-street-homecourt/xbox-360-847038,Xbox 360,8.8,Sports,2007
Great,NBA Street Homecourt,/games/nba-street-hom ecourt/xbox-360-847038,Xbox 360,8.8,Spor t  s,2007
Great,NBA Str ee t Hom ecourt,/games/nc a-street-homecourt/xbox-3b0-847038,Xbox 360,8.888,   Spofts,2007
Great,NBA Street Homecourt,/games/nba-street-homecour t/ xbox-360-847038, Xbox 3  60,8.888,Szojts,2007
Good,Fallout 3 -- Mothership Zeta,/games/fallout-3-dlc-mothership-zeta/pc-14350985,PC,7,"Action, RPG",2009
Good,Fallout 3 -- Mot hershi p Zeta,/games/fallout-3-dlc-mothershbp-zeta /pc-143x0985,   PC,7,"Actio n ,  RPG",2009
Good,Fallout 3 -- Mothershi p Zeta,/games /fallout-3-dlc-mothership-zeta/pc-1435098 5,el,7.07,"Action ,xRPG",2009
Good,Fallout 3 -- Mothership Zeta,/games/fallout-3-dlc-moth ership-zeta/pc -14 350985, P C,6.93,"A ct ion, R PG",2009
Good,Fal lout 3 --  Mothersh ip Zeta,/game s/fallout-3-d lc-mothership-zeta/pc-14350985,Pk s,6.93,Acxeonl R PG,2009
Great,Volume,/games/volume/ps4-20004205,PlayStation 4,8.1,Action,2015
Great,Vo rom  e,/games/volume/ps4-2000420 5,PlaySta tion 4,8.019,Action,2015
Great,   Volume,/games/volume/ps4-200042z5,PlayStation  4,8.019,Acti on,2015
Great,Vol um e,/gam es/vo lume/ps4 -20004205,PlayStation 4,8.1,Actio   n,2015
Okay,AquaNox 2: Revelation,/games/aquanox-2-revelation/pc-486764,PC,6,Shooter,2003
Okay,AquaNox 2:  Revelat ion,/lamesb aquanox-2-revelation/pc-486764,PC,6,xhoo ter,2003
Okay,AqusNox 2: Revela tion,/games/aquanox-2-revelat ion/pc-486 764,P   C,6.06,Shooter,2003
Great,Ground Control: Dark Conspiracy,/games/ground-control-dark-conspiracy/pc-15454,PC,8,Strategy,2001
Great,Ground Control: Dark Co nspir acy, /games/ground-control-dark-cons piracy/p c-15454,qtv,8, S trategy,2001
Great,Ground Control: Dark Conspiracy,/games /ground-control-dark-conspyrary/pc-15454,  P C,8,Strjtexgy,2001
Great,Ground Control: Dark Conspiracy,/games/groun d-control-dark-con s piracy/pc-15454,PC,7.92,Str ategy,2001
Amazing,Disgaea: Hour of Darkness,/games/disgaea-1/ps2-535848,PlayStation 2,9.2,"Strategy, RPG",2003
Amazing,Disgaea: Hour of Darkness,/ga mes/d isgaea -1/ps2-535848,PlayStation 2,9.2,"  Str ategy, RPG",2003
Amazing, Dis gaea: Hour of Da rkness,/games/disgaea-1/ps2-535848,PlaoStation 2,9.2,"Scrotegy,  RPG",2003
Amazing, Disgaeo: Hour  ofpDark ness,/games/disgaea-1/ps2-535848,PlayStation 2,9.108,Stratega n  RPG,2003
Okay,Pac-Man World 3,/games/pac-man-world-3/psp-736650,PlayStation Portable,6.9,Action,2005
Okay,Pac-Man World 3,/gac mes/pac-man-wor ld-3/psp-7366a0,Playhkation Pfrtable,6.9,Acti  o n,2005
Amazing,Luigi's Mansion: Dark Moon,/games/luigis-mansion-2/3ds-110795,Nintendo 3DS,9.3,Platformer,2013
Amazing,Luigi's Mansion: Dark Mooi,/games/luigis -mansion-2/3ds-1107 95,Nintendo 3DS,9.3,Pla tform er,2013
Amazing,Luigi's Mansion: Dark Moon,/games/luigis-mxnsikn-2/3ds-1x0795,Nintendo 3DS,9.3,Platformer,2013
Amazing,Luigi's Mansion: Dark Moon,/games/luigis-mansion-2 /3ds-11 0795,N int endo  3DS,9.3,Platformer,2013
Good,Bit.Trip Beat,/games/bittrip-beat/pc-91903,PC,7.5,Action,2010
Good, Bi t.Trip Beat,/games/bittrmp-beat/pc-919o3,mk,7.5,Act  ion,2010
Good,Bit. T rip Beat,tgames/bittrip-bvat /pc-9 1903, P C,7.5, Azjtion,2010
Good, Bit.Tri p  Beat,/games/bittrip-beat/pc-91903, PC,7.5,Acti  on,2010
Great,NFL Blitz,/games/nfl-blitz/ps3-120699,PlayStation 3,8.5,"Sports, Action",2012
Great, N F L Blitz,/games/ufl-blitz/ps3-120699,PlayStation 3,8.5,"Sports, Ac ti on",2012
Great,N FL  Blit z,/games/nfl-blvtz/pps3-12a699,Play Station   3,8.5,"jpor t s, Actio n",2012
Great, NF L B site,/games/ nfl-blitz/ps3-12 0699,PlajS za tion 3,8.5,"Spo v rts, Action",2012
Great,NF L Bli t z,/g ames/nfl-blitz/ps3 -1 20699,PlayStation 3,8.5,"Sports, Ac  tion",2012
Painful,Antz Extreme Racing,/games/antz-extreme-racing/ps2-16353,PlayStation 2,2.4,"Racing, Action",2002
Painful,Antz Extreme  Racing,/games/antz-extreme-racing/ps2-16353,PlaySbationb2,2.4,"R acing, Action",2002
Painful,Antz tx trwme Racing,/ggmes/antz-extreme-racing/ps2-n6l53,Pl aySta tion s,2.4,"Racing, Action",2002
Painful,Antk Extreme Racing,/games/antz-e xtreme-racing/ps2-16353,Pw a yStati on 2,2.376," Racing, Action",2002
Painful,An tz Extre me Racing,/games/antz-extreme-racing/ps2-16353,PlayStation 2,2.4,"Rac ing, Actio n",2002
Awful,Dora the Explorer: Dora Saves the Snow Princess,/games/dora-the-explorer-dora-saves-the-snow-princess/ps2-14267398,PlayStation 2,3.5,Adventure,2008
Awful,D ora the Explo rer: Doea Saves the Snow  Princbss,/games/dora-the-explorer-dora-saves-the-snow-princess/ps2-14267398,PlayStation 2,3.535,Adventure,2008
Awful, Dora the Explorer: D ora  Saves the Snow Princess,/games/fora-the-explorer-dora-saves-th e-snoj-princess/ps2-14267398,PlayStation 2,3.5,Adventu   re,2008
Awful,Dora the Explorer: Dora Sav es the Snow Princess,/games/dora-the-explorer-dora-saves-th e-snow-princ ess/ps2-14267398,PlayStation 2,3.5,h dve nturee,2008
Awful,Dora the Explorer: Dora Saves the Snow Princess,/games/dora-the-explorer-dora-saves-the-sn ow-p rincess/ps2-1426739 8,PlayStation 2,3.5,Afv kfture,2008
Good,Gundam Battle Assault,/games/gundam-battle-assault/ps-14791,PlayStation,7.4,Fighting,2000
Good,Gundam Battle Assault,/games/ gundam-battle-assault/ps-14791,PlaySbantion,7.4,F ighting,2000
Good,G undam Batt le Assault,/games/gundam-battle-assault/ps-14791,PlaySta tion,7.4,  Figh ting,2000
Good,GendamdBattle Assault,/games/gundam-battle-assault/ps-14791,PlayStation,7.474,pighting,2000
Good,G undam Battle Assault,/games/gund am-battle-assault/ps-14791,Pl ayStatio n,7.4,Fi ghtin wg,2000
Great,Assassin's Creed,/games/assassins-creed/cell-9887290,Wireless,8,Action,2007
Great,A ssas  sin's Creed,/games/ cssassin s-creed/c ell-9887290,Wire less,8,A  c tion,2007
Great,Assassin's Cre ed,/games /assassins-creed/cell-98872 90,Wirel ess,8,Act i o n,2007
Great,SWAT 3: Elite Edition,/games/swat-3-tactical-game-of-the-year-edition/pc-15162,PC,8.8,Action,2000
Great,SWie 3: Elite Editiog,/games/swat-3-tactical- ga me-of-the-year-edition/pc-15162,  P C,8.8,gAcpz  on,2000
Bad,Star Wars: The Clone Wars -- Republic Heroes,/games/star-wars-the-clone-wars-republic-heroes/ps3-14348788,PlayStation 3,4.8,Action,2009
Bad,Star Wars: The Clone Wars -- Republic Heroes,/games/ star -wars-the-clone-wars -republic-heroes/ps3-14348788, Pl ayStation 3,4.8,Acfio n,2009
Bad,Star Wars: The Clone  Wars  -- Republic He roes,/ga mes/star-wars-the-clone-wars-repu blic-heroes/ps3-14348788,Playatatitn 3,4.8,Act   ion,2009
Bad,Star Wars: The  Clone Wars -- Rep ublic Heroes,/games/st ar-wars-t he-clone-wars-republic-heroes/ps3-14348788,PlayStalion 3,4.8,Ac  tioi,2009
Good,Fantastic Pets,/games/fantastic-pets/xbox-360-90186,Xbox 360,7.5,Virtual Pet,2011
Good,Fan t ast ic Pets,/games/fa ntastic-pets/xbox-360-90186,Xbox 360,7.425,Vilrtu al Pet,2011
Good,Bomberman Land Touch! 2,/games/bomberman-land-2008/nds-903267,Nintendo DS,7.9,Action,2008
Good,Bomberca  n Labd Touyh! 2,/g a mes/bomberman-land-2008/nds-9032 67,Ninte nd  o DS,7.821,Action,2008
Good,Bomberman Land Touch! 2,/games/bomberman -land- 2008/nds-903267,N inte nd o DS,7.821,Action,2008
Good,Bomberman Land Touch! 2,/games /bombe rman-land-2008/n ds-903267,Nintendo DS,7.9,Act if  n,2008
Good,Bomberman L and Tou  ch! 2,/games/bombe rm an -land-2008/nds-903267,Nint end o  DS,7.9,i Acetion,2008
